Unit_of_Measure_(Per_Pack),Line_Item_Quantity,Line_Item_Value,Pack_Price,Unit_Price,Freight_Cost_USD_Clean,Weight_Kilograms_Clean,shipment_mode_encoded,manufacturing_site_encoded,country_encoded,Dosage_Form_encoded,First_Line_Designation_encoded,fulfill_via_encoded,Sub_Classification_encoded,brand_encoded
30.0,47227.0,272972.06,5.78,0.19,9973.51,4959.0,2,1,2,1,1,0,1,2
30.0,535.0,9095.0,17.0,0.57,755.5,33.0,1,10,15,1,1,0,1,1
30.0,1161.0,6431.94,5.54,0.18,16532.5,2566.0,3,10,4,1,1,0,1,2
60.0,14789.0,55458.75,3.75,0.06,5137.06,825.0,2,2,5,1,1,0,2,2
25.0,659.0,13180.0,20.0,0.8,2656.12,206.0,1,10,1,5,1,1,3,1
60.0,81270.0,451861.2,5.56,0.09,10605.03,8491.0,2,4,6,1,1,0,1,2
30.0,2389.0,47588.88,19.92,0.66,18495.9,277.0,3,2,4,1,1,0,1,2
60.0,1152.0,4780.8,4.15,0.07,1342.44,78.0,1,2,3,1,1,0,2,2
30.0,10114.0,83238.22,8.23,0.27,12956.94,5154.0,2,2,7,1,0,0,1,2
60.0,25000.0,209000.0,8.36,0.14,3073.74,2275.0,4,1,8,1,1,1,1,2
240.0,1177.0,2377.54,2.02,0.01,3415.72,512.0,1,1,6,3,1,0,2,2
60.0,9577.0,92130.74,9.62,0.16,24138.35,6889.0,2,1,1,1,1,0,1,2
60.0,9300.0,28737.0,3.09,0.05,3054.13,550.0,1,3,9,1,1,1,1,2
60.0,36000.0,129600.0,3.6,0.06,9815.52,2205.0,1,2,5,1,1,1,2,2
240.0,4000.0,8400.0,2.1,0.01,16840.67,1596.0,1,1,10,3,1,0,2,2
100.0,418.0,41800.0,100.0,1.0,6455.37,205.0,1,9,3,5,1,1,3,3
30.0,8000.0,28400.0,3.55,0.12,1593.67,953.0,1,3,11,1,0,1,1,2
180.0,36.0,1800.0,50.0,0.28,286.0,9.0,1,10,12,4,1,1,1,1
60.0,19177.0,45449.49,2.37,0.04,1220.84,6196.0,4,1,8,1,0,1,1,2
20.0,35.0,1120.0,32.0,1.6,2796.58,191.0,1,7,3,5,1,1,3,4
240.0,9630.0,30334.5,3.15,0.01,4876.34,3732.0,1,1,8,3,1,1,2,2
40.0,603.0,45828.0,76.0,1.9,9698.22,679.0,1,10,1,5,1,1,3,1
240.0,2867.0,6020.7,2.1,0.01,18607.76,5752.0,1,1,1,3,1,0,2,2
20.0,2400.0,74400.0,31.0,1.55,9253.44,678.0,1,12,1,5,1,1,3,1
180.0,230.0,3900.8,16.96,0.09,8329.13,132.0,3,10,10,3,1,0,2,1
90.0,811.0,7874.81,9.71,0.11,1224.02,103.0,2,1,7,4,1,0,2,2
30.0,20370.0,72720.9,3.57,0.12,13244.8,1751.0,1,3,9,1,1,1,1,2
30.0,107175.0,762014.25,7.11,0.24,7317.47,8709.0,2,2,2,1,1,0,1,2
100.0,2352.0,209328.0,89.0,0.89,21683.23,1058.0,1,6,4,5,1,1,3,3
20.0,3000.0,96000.0,32.0,1.6,7616.19,880.0,1,7,2,5,1,1,3,4
240.0,3200.0,6720.0,2.1,0.01,8185.2,1120.0,1,1,2,3,1,0,2,2
60.0,31000.0,271560.0,8.76,0.15,10073.76,1787.0,1,1,15,1,1,0,1,2
240.0,2907.0,6104.7,2.1,0.01,5520.83,1122.0,2,1,1,3,1,0,2,2
60.0,66793.0,487588.9,7.3,0.12,3787.72,3458.0,4,1,8,1,1,1,1,2
60.0,400.0,3352.0,8.38,0.14,2149.05,23.0,1,10,11,1,1,1,1,2
100.0,7587.0,589509.9,77.7,0.78,26532.85,1306.0,1,9,6,5,1,1,3,3
1.0,350.0,8575.0,24.5,10.1678401865825,3126.61,240.0,1,10,10,5,1,1,3,1
60.0,138325.0,995940.0,7.2,0.12,9161.95,13123.0,1,5,6,1,0,0,1,2
120.0,60.0,2169.6,36.16,0.3,814.04,36.0,1,8,12,1,1,1,1,1
20.0,1500.0,48000.0,32.0,1.6,8576.8,515.0,1,7,3,5,1,1,3,4
20.0,44.0,1276.0,29.0,1.45,218.75,15.0,1,12,15,5,1,1,3,1
25.0,70.0,1400.0,20.0,0.8,648.95,25.0,1,10,3,5,1,1,3,1
120.0,98.0,10150.19,103.57,0.86,968.25,18.0,1,10,12,1,1,1,1,1
20.0,9500.0,304000.0,32.0,1.6,20621.1,2783.0,1,7,2,5,1,1,3,4
60.0,132000.0,871200.0,6.6,0.11,22520.71,10615.0,2,2,2,1,1,0,1,2
60.0,1247.0,3167.38,2.54,0.04,4035.45,71.0,1,5,11,1,1,1,1,2
30.0,18447.0,85225.14,4.62,0.15,2201.74,1906.0,2,3,2,1,1,0,1,2
30.0,300.0,6978.0,23.26,0.78,1779.09,38.0,1,8,11,1,1,1,1,1
60.0,151023.0416074603,779031.25,2.57,0.04,20134.62,15006.0,1,5,8,1,1,1,1,2
60.0,995.0,69650.0,70.0,1.17,1392.0,219.0,1,10,1,1,1,0,1,1
240.0,1489.0,18612.5,12.5,0.05,5044.26,557.0,1,1,9,3,1,0,2,2
240.0,156.0,327.6,2.1,0.01,396.32,100.0,2,1,1,3,1,0,2,2
60.0,2131.0,4602.96,2.16,0.04,2005.48,117.0,1,3,12,1,1,0,1,2
1.0,260.0,5980.0,23.0,10.1678401865825,2708.04,197.0,1,10,10,5,1,1,3,1
60.0,67271.0,470897.0,7.0,0.12,10651.44,6041.0,2,4,2,1,1,0,1,2
60.0,18867.0,46035.48,2.44,0.04,7317.47,17125.0,2,2,2,1,1,0,1,2
60.0,19760.0,94848.0,4.8,0.08,12974.12,3998.0,1,3,11,1,1,1,1,2
100.0,300.0,21597.0,71.99,0.72,1398.6,69.0,1,9,3,5,1,1,3,3
60.0,7150.0,21092.5,2.95,0.05,5530.11,7095.0,2,5,7,1,0,0,1,2
60.0,141764.0,1132940.7905894185,11.22,0.19,43548.0,29560.519527155964,3,1,4,1,1,0,1,2
30.0,56352.0,197232.0,3.5,0.12,30046.84,4792.0,1,10,10,1,1,1,1,2
60.0,39600.0,327096.0,8.26,0.14,15814.01,17181.0,2,2,6,1,1,0,1,2
20.0,3400.0,108800.0,32.0,1.6,22370.64,1131.0,1,7,9,5,1,1,3,4
30.0,18451.0,229161.42,12.42,0.41,6195.24,1636.0,1,1,5,1,1,0,1,2
100.0,153.0,765.0,5.0,0.05,5346.38,186.0,1,6,3,5,0,1,4,2
240.0,2000.0,3900.0,1.95,0.01,4747.87,736.0,2,1,1,3,1,0,2,2
300.0,5362.0,165256.84,30.82,0.1,44952.61,5060.0,1,11,7,3,1,1,2,1
30.0,4917.0,31370.46,6.38,0.21,12862.56,1283.0,1,3,3,1,1,0,1,2
60.0,26400.0,70224.0,2.66,0.04,25493.03,1456.0,1,5,10,1,1,0,1,2
60.0,5625.0,43368.75,7.71,0.13,7549.41,665.0,1,8,7,1,1,1,2,2
25.0,1400.0,28700.0,20.5,0.82,5924.89,437.0,1,10,1,5,1,1,3,1
30.0,25741.0,84945.3,3.3,0.11,9452.02,2210.0,1,1,5,1,1,1,1,2
40.0,1000.0,110000.0,110.0,2.75,8074.03,1101.0,1,10,1,5,1,1,3,1
30.0,50040.0,500400.0,10.0,0.33,11637.64,4161.0,3,2,4,1,1,0,1,2
100.0,1250.0,100000.0,80.0,0.8,14398.69,600.0,1,9,5,5,1,1,3,3
120.0,7600.0,274816.0,36.16,0.3,28238.31,4794.0,1,8,1,1,0,1,1,1
90.0,735.0,8908.2,12.12,0.13,11091.78,1857.0,1,1,10,4,0,0,2,2
60.0,151023.0416074603,494868.36,2.87,0.05,17278.96,10859.0,4,5,8,1,1,1,1,2
100.0,3055.0,271895.0,89.0,0.89,13325.59,1241.0,1,6,4,5,1,1,3,3
30.0,151023.0416074603,1132940.7905894185,9.6,0.32,69097.98,29560.519527155964,3,3,4,1,1,0,1,2
60.0,7840.0,71344.0,9.1,0.15,853.88,719.0,1,4,9,1,1,1,1,2
30.0,666.0,7825.5,11.75,0.39,1713.01,54.0,1,2,1,1,1,0,1,2
30.0,428.0,11812.8,27.6,0.92,732.47,47.0,1,12,3,5,1,1,3,1
25.0,2400.0,49200.0,20.5,0.82,9254.06,831.0,1,10,1,5,1,1,3,1
60.0,20000.0,46600.0,2.33,0.04,6154.8,955.0,1,1,15,1,1,0,1,2
240.0,10624.0,65868.8,6.2,0.03,13116.0,3785.0,1,1,2,3,1,0,2,2
60.0,60000.0,237000.0,3.95,0.07,3613.05,2484.0,2,2,2,1,1,0,2,2
20.0,500.0,16000.0,32.0,1.6,2865.63,170.0,1,7,3,5,1,1,3,4
60.0,151023.0416074603,414827.88,2.58,0.04,43548.0,29560.519527155964,3,1,4,1,0,0,1,2
100.0,7888.0,631040.0,80.0,0.8,12965.93,1357.0,1,9,3,5,1,1,3,3
30.0,39936.0,132986.88,3.33,0.11,161712.87,16035.0,1,5,10,1,1,0,1,2
20.0,5920.0,189440.0,32.0,1.6,25136.39,1896.0,1,7,2,5,1,1,3,4
60.0,2230.0,22857.5,10.25,0.17,2804.0,909.0,1,1,1,1,1,0,1,2
30.0,15000.0,393750.0,26.25,0.88,7463.74,1309.0,1,10,4,1,1,0,1,1
100.0,77.0,6853.0,89.0,0.89,1712.6,36.0,1,6,3,5,1,1,3,3
30.0,138974.0,653177.8,4.7,0.16,14451.68,14845.0,2,3,7,1,1,0,1,2
60.0,10420.0,77108.0,7.4,0.12,7526.06,1000.0,1,4,11,1,1,1,1,2
30.0,66160.0,258685.6,3.91,0.13,2175.07,5641.0,2,1,12,1,1,0,1,2
50.0,30.0,2982.0,99.4,1.99,660.77,17.0,1,10,12,5,1,1,3,1
30.0,100619.0,1132940.7905894185,12.3,0.41,30981.39,29560.519527155964,2,4,2,1,1,0,1,2
1.0,600.0,14700.0,24.5,10.1678401865825,4209.61,434.0,1,10,10,5,1,1,3,1
318.3236241491045,580.0,19198.0,33.1,0.03,3958.28,500.0,1,10,3,1,1,1,5,2
60.0,99999.0,243997.56,2.44,0.04,21347.12,13437.0,3,2,4,1,1,0,1,2
60.0,11574.0,119096.46,10.29,0.17,5530.11,7095.0,2,2,7,1,0,0,1,2
30.0,64980.0,214434.0,3.3,0.11,18826.62,5578.0,1,1,5,1,1,1,1,2
240.0,3971.0,8418.52,2.12,0.01,3524.95,1472.0,4,1,8,3,1,1,2,2
60.0,3167.0,7664.14,2.42,0.04,3855.94,775.0,2,2,6,1,1,0,1,2
240.0,20000.0,185600.0,9.28,0.04,17022.13,7664.0,4,10,8,3,1,1,2,1
60.0,9024.0,60099.84,6.66,0.11,12369.8,976.0,1,4,1,1,1,0,1,2
120.0,27.0,2361.42,87.46,0.73,41.0,5.0,1,10,12,1,1,1,1,1
100.0,9363.0,833307.0,89.0,0.89,58592.54,3800.0,1,6,4,5,1,1,3,3
100.0,3023.0,269047.0,89.0,0.89,19891.2,1221.0,1,6,4,5,1,1,3,3
30.0,3619.0,25007.29,6.91,0.23,6147.09,338.0,4,1,8,1,1,1,1,2
20.0,2483.0,67041.0,27.0,1.35,6150.75,706.0,1,12,1,5,1,1,3,1
30.0,252.0,504.0,2.0,0.07,1026.15,9.0,1,10,12,4,1,1,2,2
30.0,51920.0,406014.4,7.82,0.26,3646.13,3549.0,1,4,8,1,1,1,1,2
60.0,5670.0,7994.7,1.41,0.02,12648.36,317.0,1,5,1,4,1,0,1,2
60.0,85111.0,246821.9,2.9,0.05,9205.05,5437.0,1,5,8,1,1,1,1,2
60.0,14052.0,103984.8,7.4,0.12,5780.2,1420.0,1,4,2,1,1,0,1,2
20.0,1371.0,43872.0,32.0,1.6,5733.61,468.0,1,7,3,5,1,1,3,4
1.0,2988.0,73206.0,24.5,10.1678401865825,26266.34,1992.0,1,10,9,5,1,1,3,1
30.0,53000.0,376830.0,7.11,0.24,21347.13,5252.0,3,1,4,1,1,0,1,2
30.0,20000.0,265400.0,13.27,0.44,67732.55,3943.0,3,2,3,1,1,0,1,2
20.0,2334.0,74688.0,32.0,1.6,6558.08,807.0,1,7,3,5,1,1,3,4
60.0,54125.0,607282.5,11.22,0.19,6147.18,7050.0,3,1,4,1,1,0,1,2
100.0,378.0,33642.0,89.0,0.89,4529.86,180.0,1,9,3,5,1,1,3,3
60.0,1450.0,19575.0,13.5,0.22,1472.77,167.0,1,4,12,1,1,0,1,2
30.0,2100.0,42000.0,20.0,0.67,3169.34,293.0,1,2,1,1,1,1,1,2
100.0,3073.0,273497.0,89.0,0.89,20602.3,1248.0,1,6,4,5,1,1,3,3
240.0,3286.0,7064.9,2.15,0.01,8586.0,1215.0,1,1,15,3,1,0,2,2
60.0,24480.0,168912.0,6.9,0.12,4443.97,2165.0,1,4,11,1,1,1,1,2
60.0,100.0,894.0,8.94,0.15,2794.34,6.0,1,10,11,1,1,1,1,2
60.0,1700.0,19074.0,11.22,0.19,6147.18,224.0,3,1,4,1,1,0,1,2
60.0,32168.0,265707.68,8.26,0.14,585.0,5199.0,1,2,3,1,1,0,1,2
60.0,15120.0,41731.2,2.76,0.05,4424.91,959.0,2,2,1,1,1,0,2,2
60.0,3519.0,8586.36,2.44,0.04,6298.34,2538.0,1,2,12,1,1,0,1,2
240.0,5233.0,7587.85,1.45,0.01,6638.3,1855.0,2,1,9,3,1,0,2,2
30.0,1764.0,3951.36,2.24,0.07,1615.07,106.0,1,1,10,4,1,1,2,2
30.0,24320.0,292083.2,12.01,0.4,4528.5,2094.0,1,1,3,1,1,0,1,2
20.0,4250.0,136000.0,32.0,1.6,13215.15,1386.0,1,7,5,5,1,1,3,4
30.0,54247.0,424211.54,7.82,0.26,3646.13,3728.0,1,4,8,1,1,1,1,2
240.0,464.0,858.4,1.85,0.01,1222.31,437.0,1,1,11,3,1,1,2,2
30.0,4000.0,68000.0,17.0,0.57,12205.4,256.0,1,10,9,1,1,0,1,1
30.0,111348.0,355200.12,3.19,0.11,30711.92,6953.0,1,5,12,1,1,1,1,2
30.0,48000.0,310560.0,6.47,0.22,7180.16,3247.0,4,4,8,1,1,1,1,2
25.0,307.0,6140.0,20.0,0.8,5663.0,1368.0,2,10,7,5,1,0,3,1
60.0,2844.0,8247.6,2.9,0.05,11206.84,1587.0,1,1,12,1,1,0,1,2
120.0,173.0,11521.8,66.6,0.55,251.52,35.0,1,10,12,1,1,1,1,1
60.0,1515.0,10605.0,7.0,0.12,2864.63,338.0,1,10,1,1,1,1,2,1
30.0,1428.0,3198.72,2.24,0.07,7789.85,83.0,1,1,10,4,1,0,2,2
300.0,150.0,4623.0,30.82,0.1,2265.89,170.0,1,11,12,3,1,1,2,1
30.0,5568.0,18541.44,3.33,0.11,3325.77,342.0,1,5,3,1,1,0,1,2
100.0,1832.0,146560.0,80.0,0.8,8680.27,829.0,1,6,6,5,1,1,3,3
30.0,4560.0,62335.2,13.67,0.46,5610.17,561.0,1,2,9,1,1,1,1,2
60.0,300.0,2712.0,9.04,0.15,1075.54,44.0,1,8,10,1,1,1,2,2
100.0,2.0,16.0,8.0,0.08,885.49,2.0,1,6,3,5,1,1,4,3
60.0,31000.0,351850.0,11.35,0.19,42656.07,3941.0,1,2,12,1,1,0,1,2
30.0,1773.0,7162.92,4.04,0.13,2035.84,116.0,2,2,5,1,1,0,1,2
60.0,2016.0,18648.0,9.25,0.15,5551.97,185.0,1,1,11,1,1,1,1,2
60.0,240.0,1680.0,7.0,0.12,1516.05,52.0,1,10,11,1,1,1,2,1
240.0,350.0,7525.0,21.5,0.09,874.57,124.0,1,1,2,3,1,0,2,2
240.0,3119.0,0.0,0.0,0.0,2951.94,1088.0,1,1,1,3,1,0,2,2
90.0,1680.0,25636.8,15.26,0.17,9936.96,3337.0,1,1,1,4,1,0,2,2
30.0,60000.0,191400.0,3.19,0.11,25512.84,3862.0,1,5,3,1,1,1,1,2
240.0,9690.0,14631.9,1.51,0.01,66260.33,3790.0,1,1,9,3,1,1,2,2
60.0,60440.0,205496.0,3.4,0.06,15671.53,5725.0,1,1,2,1,1,0,1,2
30.0,672.0,2520.0,3.75,0.12,1276.53,55.0,1,3,9,1,1,1,1,2
60.0,19683.0,44483.58,2.26,0.04,20893.21,1733.0,3,5,3,1,1,0,1,2
120.0,98.0,12362.16,126.14,1.05,586.16,18.0,1,10,12,1,1,1,1,1
60.0,3374.0,24292.8,7.2,0.12,2331.03,250.0,1,5,12,1,1,0,1,2
100.0,2898.0,208656.0,72.0,0.72,21714.68,1409.0,1,9,2,5,1,1,3,3
60.0,11500.0,62445.0,5.43,0.09,4168.19,632.0,1,1,5,1,1,1,1,2
100.0,1133.0,90640.0,80.0,0.8,10925.46,539.0,1,6,6,5,1,1,3,3
120.0,1031.0,20321.01,19.71,0.16,4353.04,298.0,1,2,3,1,1,0,1,2
30.0,20000.0,78200.0,3.91,0.13,18520.22,2501.0,1,5,12,1,1,0,1,2
1.0,990.0,22770.0,23.0,10.1678401865825,6161.42,718.0,1,10,15,5,1,1,3,1
240.0,284.0,525.4,1.85,0.01,1783.38,103.0,1,1,3,3,1,0,2,2
60.0,15960.0,38304.0,2.4,0.04,6609.02,755.0,1,1,11,1,1,1,1,2
60.0,1350.0,12757.5,9.45,0.16,1277.22,239.0,1,1,12,1,1,0,1,2
100.0,431.0,34480.0,80.0,0.8,5346.38,186.0,1,6,3,5,1,1,3,3
60.0,240.0,6261.6,26.09,0.43,915.09,25.0,1,10,12,4,1,1,2,2
60.0,38976.0,334414.08,8.58,0.14,5846.08,7482.0,2,3,6,1,1,0,1,2
60.0,1700.0,17850.0,10.5,0.18,14982.1,356.0,1,1,11,1,1,1,2,2
100.0,2744.0,244216.0,89.0,0.89,24927.19,1186.0,1,6,4,5,1,1,3,3
100.0,2128.0,189392.0,89.0,0.89,23826.25,1022.0,1,9,4,5,1,1,3,3
90.0,7800.0,56940.0,7.3,0.08,3033.26,462.0,2,5,1,1,1,0,2,2
30.0,63967.0,289770.51,4.53,0.15,15331.49,5491.0,4,1,8,1,1,1,1,2
100.0,2939.0,235120.0,80.0,0.8,13801.89,1330.0,1,6,6,5,1,1,3,3
60.0,45084.0,113160.84,2.51,0.04,585.0,5199.0,1,3,3,1,0,0,1,2
20.0,6040.0,193280.0,32.0,1.6,24689.0,2052.0,1,7,2,5,1,1,3,4
60.0,4400.0,10736.0,2.44,0.04,5678.7,640.0,1,1,1,1,1,0,1,2
60.0,21080.0,189720.0,9.0,0.15,17074.8,1716.0,1,2,9,1,1,1,1,2
100.0,8500.0,680000.0,80.0,0.8,14419.86,1462.0,1,9,3,5,1,1,3,3
300.0,340.0,10478.8,30.82,0.1,3899.33,336.0,1,11,1,3,1,1,2,1
100.0,3199.0,255888.01,79.99,0.8,8213.59,550.0,1,9,4,5,1,1,3,3
30.0,1920.0,9024.0,4.7,0.16,1527.29,160.0,1,2,3,1,1,0,1,2
60.0,6050.0,17545.0,2.9,0.05,5028.04,442.0,1,1,1,1,1,0,1,2
60.0,2027.0,8716.1,4.3,0.07,1941.82,218.0,1,4,4,1,1,0,2,2
20.0,3750.0,120000.0,32.0,1.6,16036.98,1072.0,1,7,4,5,1,1,3,4
60.0,5200.0,24960.0,4.8,0.08,18473.57,5359.0,1,3,11,1,0,1,1,2
60.0,48127.0,95772.73,1.99,0.03,18232.17,2383.0,1,2,7,1,1,1,2,2
60.0,23000.0,90850.0,3.95,0.07,1521.08,952.0,2,2,7,1,1,0,2,2
240.0,6036.0,12675.6,2.1,0.01,15923.41,2253.0,1,1,12,3,1,0,2,2
60.0,3386.0,38024.78,11.23,0.19,4768.06,15942.0,2,2,6,1,1,0,1,2
60.0,19996.0,78984.2,3.95,0.07,1417.12,1119.0,2,2,7,1,1,0,2,2
60.0,10000.0,77200.0,7.72,0.13,3379.64,2085.0,2,1,2,1,1,0,2,2
30.0,2303.0,2878.75,1.25,0.04,2251.42,143.0,1,1,10,1,1,1,2,2
60.0,50000.0,170000.0,3.4,0.06,2938.92,2764.0,2,3,2,1,1,0,1,2
240.0,8474.0,25422.0,3.0,0.01,2154.51,3206.0,1,1,8,3,1,1,2,2
240.0,965.0,1852.8,1.92,0.01,1729.0,344.0,1,1,1,3,1,0,2,2
60.0,96018.0,223721.94,2.33,0.04,3825.8,4271.0,2,10,5,1,1,0,1,2
20.0,4926.0,157632.0,32.0,1.6,11898.8,2695.0,1,7,3,5,1,0,3,4
120.0,560.0,46032.0,82.2,0.68,436.86,83.0,1,8,11,1,1,1,1,1
100.0,6000.0,480000.0,80.0,0.8,30885.26,2439.0,1,6,2,5,1,1,3,3
30.0,18000.0,83700.0,4.65,0.16,13959.22,1764.0,3,10,7,1,1,1,1,2
60.0,336.0,2614.08,7.78,0.13,1845.31,27.0,1,2,1,1,1,0,1,2
318.3236241491045,360.0,13809.6,38.36,0.11,3660.4,630.0,1,10,1,4,1,0,1,1
240.0,11640.0,34920.0,3.0,0.01,12917.3,4386.0,1,1,8,3,1,1,2,2
30.0,1249.0,34472.4,27.6,0.92,1682.15,145.0,1,12,3,5,1,1,3,1
30.0,7500.0,35625.0,4.75,0.16,9736.1,662.0,3,1,4,1,1,0,1,2
60.0,45000.0,504900.0,11.22,0.19,20144.99,5961.0,1,1,3,1,1,0,1,2
60.0,117367.0,1132940.7905894185,11.22,0.19,104604.06,17496.0,2,1,12,1,1,0,1,2
60.0,17843.0,60666.2,3.4,0.06,19069.17,1667.0,1,1,10,1,1,0,1,2
60.0,151023.0416074603,1132940.7905894185,2.43,0.04,31656.61,23273.0,4,5,8,1,1,1,1,2
1.0,6998.0,160954.0,23.0,10.1678401865825,46117.09,4913.0,1,10,15,5,1,1,3,1
300.0,1500.0,46230.0,30.82,0.1,10365.13,1374.0,1,11,2,3,1,1,2,1
60.0,36426.0,296143.38,8.13,0.14,17581.92,4609.0,1,1,5,1,1,1,1,2
60.0,15117.0,124866.42,8.26,0.14,10734.13,8057.0,2,5,12,1,1,0,1,2
30.0,4000.0,42480.0,10.62,0.35,14958.2,9020.0,2,1,7,1,1,0,1,2
30.0,91166.0,375603.92,4.12,0.14,25231.96,6073.0,3,5,4,1,1,0,1,2
240.0,4704.0,9031.68,1.92,0.01,11091.78,1857.0,1,1,10,3,0,0,2,2
30.0,1860.0,23101.2,12.42,0.41,13356.65,2425.0,1,4,7,1,1,0,1,2
30.0,1150.0,4738.0,4.12,0.14,1494.6,70.0,2,5,12,1,1,0,1,2
60.0,151023.0416074603,1132940.7905894185,7.72,0.13,194623.44,29560.519527155964,3,2,4,1,1,0,1,2
60.0,10076.0,75872.28,7.53,0.13,9736.1,553.0,3,1,4,1,1,0,1,2
30.0,60000.0,332400.0,5.54,0.18,30482.8,4547.0,1,2,12,1,1,0,1,2
30.0,15500.0,172825.0,11.15,0.37,3977.24,1745.0,1,2,11,1,1,1,1,2
240.0,8500.0,18020.0,2.12,0.01,3530.94,3061.0,4,1,8,3,1,1,2,2
100.0,75.0,10425.0,139.0,1.39,791.84,50.0,1,7,10,5,1,0,3,1
240.0,475.0,912.0,1.92,0.01,1301.0,170.0,1,1,1,3,1,0,2,2
180.0,4402.0,220100.0,50.0,0.28,3501.0,994.0,1,10,1,4,1,0,1,1
100.0,5698.0,569800.0,100.0,1.0,22194.09,2314.0,1,6,10,5,1,1,3,3
60.0,1065.0,27785.85,26.09,0.43,1122.07,112.0,1,10,5,4,1,1,2,2
60.0,13100.0,154580.0,11.8,0.2,3671.92,6036.0,1,1,6,1,1,0,1,2
60.0,288.0,921.6,3.2,0.05,896.26,28.0,2,1,9,1,1,0,1,2
30.0,96224.0,413763.2,4.3,0.14,9582.53,7556.0,4,10,8,1,1,1,1,2
60.0,534.0,1377.72,2.58,0.04,2030.0,30.0,2,5,12,1,1,0,1,2
60.0,151023.0416074603,1087500.0,3.75,0.06,18090.64,16192.0,2,2,7,1,1,0,2,2
60.0,960.0,1651.2,1.72,0.03,12336.45,8385.0,4,10,10,1,1,1,1,2
240.0,4192.0,35632.0,8.5,0.04,6072.8,1514.0,1,4,9,3,1,1,2,2
30.0,83238.0,650921.16,7.82,0.26,5298.02,5663.0,1,4,8,1,1,1,1,2
30.0,58423.0,410713.69,7.03,0.23,6639.33,4007.0,4,4,8,1,1,1,1,2
30.0,108856.0,339630.72,3.12,0.1,43219.06,6431.0,2,5,2,1,1,0,1,2
60.0,40000.0,324400.0,8.11,0.14,15571.48,9632.0,2,4,3,1,1,0,1,2
30.0,1300.0,15613.0,12.01,0.4,1277.22,239.0,1,1,12,1,0,0,1,2
60.0,685.0,6000.6,8.76,0.15,1122.87,67.0,1,2,12,1,1,0,1,2
20.0,5500.0,176000.0,32.0,1.6,17975.84,1907.0,1,7,2,5,1,1,3,4
300.0,2625.0,80902.5,30.82,0.1,20559.39,2583.0,1,11,7,3,1,1,2,1
60.0,28868.0,323898.96,11.22,0.19,6147.18,3570.0,3,1,4,1,1,0,1,2
30.0,2361.0,24200.25,10.25,0.34,4438.0,1255.0,2,10,12,1,1,0,1,2
3.0,10.0,250.0,25.0,8.33,402.42,6.0,1,10,3,5,1,1,4,1
60.0,240.0,1680.0,7.0,0.12,1173.1,23.0,1,4,12,1,1,0,1,2
240.0,26807.0,52273.65,1.95,0.01,14700.0,9937.0,2,1,6,3,1,0,2,2
20.0,5.0,160.0,32.0,1.6,12561.4,2.0,1,7,3,5,1,1,3,4
30.0,46600.0,490232.0,10.52,0.35,23753.64,6107.0,2,3,1,1,1,0,1,2
60.0,4879.0,47862.99,9.81,0.16,5081.05,637.0,2,2,12,1,1,0,1,2
30.0,59615.0,772610.4,12.96,0.43,14547.55,7722.0,3,4,4,1,1,0,1,2
60.0,957.0,34260.6,35.8,0.6,1448.0,95.0,1,1,1,1,1,0,1,2
60.0,270.0,599.4,2.22,0.04,4934.43,513.0,1,3,3,1,1,0,1,2
60.0,612.0,3635.28,5.94,0.1,1259.05,76.0,1,8,10,1,1,1,2,2
30.0,1030.0,3574.1,3.47,0.12,574.56,48.0,1,10,2,4,1,0,2,1
60.0,7558.0,71423.1,9.45,0.16,20578.2,2166.0,1,1,10,1,1,0,1,2
60.0,90.0,925.2,10.28,0.17,693.54,17.0,1,8,10,1,1,1,2,2
60.0,3262.0,8187.62,2.51,0.04,1095.22,190.0,2,5,12,1,1,0,1,2
100.0,3039.0,0.0,0.0,0.0,21351.18,1257.0,1,6,5,5,1,1,3,3
20.0,167.0,5344.0,32.0,1.6,911.32,60.0,1,7,15,5,1,1,3,4
60.0,20000.0,48800.0,2.44,0.04,5530.11,7095.0,2,1,7,1,0,0,1,2
60.0,1530.0,10006.2,6.54,0.11,23809.39,11337.0,2,1,12,1,1,0,1,2
60.0,34138.0,281979.88,8.26,0.14,4947.38,4009.0,2,1,12,1,1,0,1,2
240.0,500.0,950.0,1.9,0.01,13762.41,960.0,1,1,11,3,0,1,2,2
100.0,200.0,14398.0,71.99,0.72,1028.18,46.0,1,9,3,5,1,1,3,3
30.0,1014.0,1267.5,1.25,0.04,2782.94,81.0,1,1,3,1,0,1,2,2
30.0,151023.0416074603,591319.62,3.81,0.13,7317.48,11334.0,2,10,2,1,1,0,1,2
60.0,1300.0,3770.0,2.9,0.05,2697.65,125.0,1,1,12,1,1,0,1,2
120.0,9980.0,204590.0,20.5,0.17,13873.0,2846.0,1,10,4,1,1,0,1,2
240.0,1000.0,2440.0,2.44,0.01,18772.94,2575.0,1,4,11,3,0,1,2,2
100.0,2.0,16.0,8.0,0.08,980.7,2.0,1,6,3,5,1,1,4,3
100.0,2024.0,141680.0,70.0,0.7,6923.2,461.0,1,9,5,5,1,1,3,3
100.0,2044.0,181916.0,89.0,0.89,26014.88,976.0,1,9,4,5,1,1,3,3
100.0,4327.0,302890.0,70.0,0.7,26574.61,986.0,1,9,9,5,1,1,3,3
60.0,15000.0,123900.0,8.26,0.14,6477.67,1440.0,1,1,3,1,1,0,1,2
240.0,2463.0,4802.85,1.95,0.01,5636.3,1072.0,1,1,3,3,0,0,2,2
120.0,7145.0,258363.2,36.16,0.3,9915.56,1604.0,1,8,5,1,1,1,1,1
60.0,10508.0,43608.2,4.15,0.07,2148.1,678.0,1,2,11,1,1,1,2,2
60.0,12873.0,37331.7,2.9,0.05,6027.68,1258.0,1,1,15,1,1,0,1,2
60.0,50000.0,360000.0,7.2,0.12,5014.65,3679.0,2,5,2,1,1,0,1,2
60.0,45000.0,347400.0,7.72,0.13,11592.26,4050.0,1,1,1,1,1,0,1,2
30.0,143.0,3753.75,26.25,0.88,6443.61,14.0,1,10,4,1,1,0,1,1
30.0,2579.0,12250.25,4.75,0.16,2485.92,358.0,1,1,12,1,1,0,1,2
60.0,16019.0,140326.44,8.76,0.15,5187.5,1454.0,1,1,15,1,1,0,1,2
100.0,1.0,89.0,89.0,0.89,13753.58,1233.0,1,9,3,5,1,1,3,3
60.0,1604.0,11420.48,7.12,0.12,1799.88,120.0,2,5,6,1,1,0,1,2
100.0,120.0,540.0,4.5,0.04,820.56,9.0,1,1,10,4,1,1,2,2
60.0,32358.0,110017.2,3.4,0.06,13332.0,3146.0,1,10,2,1,1,0,1,2
100.0,212.0,16960.0,80.0,0.8,1910.93,97.0,1,9,6,5,1,1,3,3
30.0,9000.0,179100.0,19.9,0.66,5834.1,1081.0,1,2,5,1,1,1,1,2
1.0,5994.0,146853.0,24.5,10.1678401865825,53062.21,3996.0,1,10,9,5,1,1,3,1
60.0,17376.0,43613.76,2.51,0.04,13398.06,1237.0,3,5,4,1,1,0,1,2
200.0,2950.0,4277.5,1.45,0.01,3094.0,267.0,1,1,2,3,1,0,2,2
30.0,32083.0,144694.33,4.51,0.15,630.5,2808.0,4,1,8,1,1,1,1,2
20.0,26.0,832.0,32.0,1.6,334.65,17.0,1,7,15,5,1,1,3,4
30.0,3444.0,7714.56,2.24,0.07,1211.48,200.0,1,1,1,4,1,0,2,2
100.0,1472.0,117760.0,80.0,0.8,16189.94,638.0,1,6,3,5,1,1,3,3
90.0,769.0,7743.83,10.07,0.11,4519.96,93.0,1,1,1,4,1,0,2,2
100.0,81.0,5844.15,72.15,0.72,467.26,16.0,1,6,6,5,1,1,3,3
30.0,2756.0,37261.12,13.52,0.45,1933.72,248.0,2,10,1,1,1,0,1,2
30.0,3007.0,10734.99,3.57,0.12,3840.85,262.0,1,3,9,1,1,1,1,2
60.0,416.0,3286.4,7.9,0.13,1465.71,49.0,1,1,3,1,1,0,1,2
100.0,1.0,89.0,89.0,0.89,91.66,1476.0,1,6,3,5,1,1,3,3
60.0,16258.0,109904.08,6.76,0.11,7317.48,2321.0,2,2,2,1,1,0,1,2
120.0,430.0,40713.32,94.68,0.79,729.03,77.0,1,10,4,1,1,1,1,1
60.0,9500.0,38000.0,4.0,0.07,3051.95,449.0,1,1,1,1,1,0,2,2
30.0,6203.0,72885.25,11.75,0.39,6147.18,560.0,3,2,4,1,1,0,1,2
60.0,94848.0,1064194.56,11.22,0.19,21326.73,28277.0,3,2,4,1,0,0,1,2
120.0,434.0,35674.8,82.2,0.68,2709.98,113.0,1,8,11,1,1,1,1,1
240.0,375.0,2561.25,6.83,0.03,2949.23,300.0,1,1,10,3,1,1,2,2
60.0,9700.0,74787.0,7.71,0.13,2448.71,551.0,2,1,2,1,1,0,1,2
60.0,40213.0,343821.15,8.55,0.14,35689.71,3457.0,1,3,12,1,1,0,1,2
100.0,2700.0,194400.0,72.0,0.72,19502.09,1304.0,1,9,2,5,1,1,3,3
120.0,50.0,4199.01,83.98,0.7,435.0,10.0,1,10,12,1,1,1,1,1
20.0,3711.0,100197.0,27.0,1.35,6112.63,1341.0,1,12,15,5,1,1,3,1
90.0,854.0,23485.0,27.5,0.31,9736.1,142.0,3,1,4,1,1,0,1,2
60.0,9226.0,49635.88,5.38,0.09,12956.94,5154.0,2,4,7,1,0,0,1,2
30.0,150000.0,1029000.0,6.86,0.23,13731.6,10156.0,4,4,8,1,1,1,1,2
100.0,2730.0,218400.0,80.0,0.8,21737.72,1318.0,1,9,2,5,1,1,3,3
100.0,3484.0,278720.0,80.0,0.8,33228.68,1415.0,1,6,3,5,1,1,3,3
300.0,610.0,18800.2,30.82,0.1,3428.37,708.0,1,11,10,3,1,1,2,1
318.3236241491045,14.0,537.04,38.36,0.11,505.0,25.0,2,11,15,4,1,0,1,1
30.0,1380.0,6486.0,4.7,0.16,1034.64,142.0,2,10,12,1,1,0,1,2
60.0,9227.0,60990.47,6.61,0.11,1922.5,813.0,4,3,10,1,1,1,1,2
30.0,539.0,14876.4,27.6,0.92,871.28,58.0,1,12,3,5,1,1,3,1
100.0,1891.0,151280.0,80.0,0.8,14125.63,766.0,1,6,9,5,1,1,3,3
20.0,8018.0,256576.0,32.0,1.6,28595.45,2607.0,1,7,4,5,1,1,3,4
30.0,337.0,1978.19,5.87,0.2,5989.25,2304.0,2,2,5,1,0,0,1,2
60.0,53109.0,595882.98,11.22,0.19,13398.06,19464.0,3,1,4,1,1,0,1,2
60.0,1925.0,15688.75,8.15,0.14,1355.06,111.0,1,1,10,1,1,0,1,2
30.0,8462.0,222127.5,26.25,0.88,7445.71,1225.0,3,10,4,1,1,0,1,1
30.0,25811.0,118472.49,4.59,0.15,24936.5,2829.0,3,10,7,1,1,1,1,2
240.0,600.0,1170.0,1.95,0.01,3545.1,224.0,1,1,1,3,1,0,2,2
90.0,266.0,2473.8,9.3,0.1,1200.0,17.0,2,5,7,1,1,0,2,2
60.0,10480.0,39824.0,3.8,0.06,11032.42,786.0,1,4,1,1,1,0,1,2
20.0,1883.0,60256.0,32.0,1.6,7670.04,627.0,1,7,9,5,1,0,3,4
60.0,64000.0,99200.0,1.55,0.03,12237.61,4228.0,1,1,15,4,1,1,1,2
60.0,42700.0,576450.0,13.5,0.22,8118.64,5092.0,1,1,6,1,0,0,1,2
60.0,14875.0,130305.0,8.76,0.15,1005.2,4176.0,1,2,10,1,0,0,1,2
300.0,1364.0,42038.48,30.82,0.1,15578.89,1309.0,1,11,7,3,1,1,2,1
60.0,630.0,882.0,1.4,0.02,947.52,485.0,2,1,6,4,1,0,1,2
100.0,1130.0,90400.0,80.0,0.8,10626.8,537.0,1,6,5,5,1,1,3,3
60.0,10893.0,21677.07,1.99,0.03,6331.93,735.0,2,4,7,1,1,0,2,2
30.0,6000.0,21300.0,3.55,0.12,4545.64,2490.0,1,3,11,1,1,1,1,2
20.0,340.0,9860.0,29.0,1.45,810.96,128.0,1,12,15,5,1,1,3,1
30.0,39312.0,174938.4,4.45,0.15,69748.5,7225.0,1,5,10,1,1,0,1,2
30.0,560.0,5040.0,9.0,0.3,806.55,29560.519527155964,1,2,10,1,1,1,1,2
240.0,2052.0,3098.52,1.51,0.01,6438.91,908.0,1,1,10,3,1,1,2,2
30.0,5175.0,116437.5,22.5,0.75,4136.58,775.0,1,2,5,1,1,1,1,2
240.0,19098.0,60158.7,3.15,0.01,3444.28,7367.0,1,1,8,3,1,1,2,2
100.0,2954.0,236320.0,80.0,0.8,125.42,1284.0,1,6,1,5,1,1,3,3
30.0,9051.0,11313.75,1.25,0.04,3231.11,575.0,1,1,12,1,1,1,2,2
60.0,76000.0,541120.0,7.12,0.12,14958.2,9020.0,2,4,7,1,0,0,1,2
60.0,2306.0,18793.9,8.15,0.14,1659.48,132.0,1,1,2,1,1,0,1,2
30.0,150.0,1950.0,13.0,0.43,4111.71,30.0,1,1,11,4,1,1,1,2
60.0,30107.0,248683.82,8.26,0.14,23675.63,2875.0,2,1,12,1,1,0,1,2
20.0,168.0,5376.0,32.0,1.6,1112.11,55.0,1,7,5,5,1,1,3,4
60.0,1416.0,10266.0,7.25,0.12,18207.5,2806.0,1,2,11,1,0,1,1,2
60.0,712.0,10680.0,15.0,0.25,1836.81,147.0,1,1,1,1,1,1,2,2
60.0,32298.0,72993.48,2.26,0.04,21806.84,6528.0,1,1,12,1,1,0,1,2
240.0,20000.0,185600.0,9.28,0.04,8301.76,7664.0,4,10,8,3,1,1,2,1
30.0,42938.0,285537.7,6.65,0.22,6121.39,4008.0,4,1,8,1,1,1,1,2
60.0,120.0,182.4,1.52,0.03,8118.64,5092.0,1,1,6,4,1,0,1,2
20.0,8000.0,216000.0,27.0,1.35,22838.29,2603.0,1,12,4,5,1,1,3,1
240.0,9960.0,20517.6,2.06,0.01,9021.5,3670.0,4,4,8,3,1,1,2,2
40.0,733.0,55231.55,75.35,1.88,7079.25,783.0,1,10,1,5,1,1,3,1
20.0,120.0,3240.0,27.0,1.35,379.62,35.0,1,12,3,5,1,1,3,1
30.0,7132.0,30097.04,4.22,0.14,3526.27,434.0,1,5,1,1,1,0,1,2
60.0,108.0,180.36,1.67,0.03,11091.78,1857.0,1,1,10,4,1,0,1,2
60.0,12974.0,31656.56,2.44,0.04,18520.22,2501.0,1,2,12,1,0,0,1,2
30.0,2016.0,27538.56,13.66,0.46,2864.44,122.0,1,2,11,1,1,1,1,2
30.0,30000.0,138900.0,4.63,0.15,12748.74,3000.0,2,10,1,1,1,0,1,2
100.0,840.0,67200.0,80.0,0.8,7765.61,405.0,1,6,5,5,1,1,3,3
120.0,16800.0,517776.0,30.82,0.26,27376.29,4213.0,1,8,1,1,1,1,1,1
100.0,750.0,60000.0,80.0,0.8,1760.32,256.0,1,10,10,5,1,1,3,3
30.0,151023.0416074603,1132940.7905894185,10.52,0.35,13765.17,20501.0,2,3,5,1,1,0,1,2
30.0,11280.0,224697.6,19.92,0.66,3380.35,1264.0,1,2,1,1,1,0,1,2
60.0,13000.0,29900.0,2.3,0.04,17392.05,10210.0,1,1,11,1,0,1,1,2
100.0,3500.0,245000.0,70.0,0.7,12858.12,893.0,1,9,1,5,1,1,3,3
100.0,6350.0,565150.0,89.0,0.89,29274.16,2575.0,1,6,4,5,1,1,3,3
60.0,7228.0,33248.8,4.6,0.08,3845.67,338.0,1,1,1,1,1,1,2,2
60.0,51747.0,116948.22,2.26,0.04,13770.65,5925.0,2,5,7,1,0,0,1,2
60.0,3690.0,9815.4,2.66,0.04,5166.39,214.0,1,3,12,1,1,0,1,2
30.0,200.0,4734.0,23.67,0.79,463.0,11.0,1,10,4,4,1,1,1,1
60.0,4448.0,133440.0,30.0,0.5,5066.44,693.0,1,2,1,1,1,1,1,2
20.0,10.0,320.0,32.0,1.6,400.75,3.0,1,7,3,5,1,0,3,4
100.0,1384.0,110720.0,80.0,0.8,13740.74,661.0,1,6,1,5,1,1,3,3
100.0,8200.0,656000.0,80.0,0.8,69016.63,3896.0,1,6,2,5,1,1,3,3
60.0,771.0,9444.75,12.25,0.2,678.96,136.0,1,3,11,1,1,1,1,2
30.0,17851.0,212248.39,11.89,0.4,1663.18,2117.0,2,4,5,1,1,0,1,2
100.0,20.0,7000.0,231.81862644109202,3.5,1681.44,48.0,1,10,3,5,1,1,3,1
60.0,14770.0,79462.6,5.38,0.09,10829.6,2192.0,1,4,3,1,1,0,1,2
100.0,1128.0,90240.0,80.0,0.8,12205.04,462.0,1,6,3,5,1,1,3,3
60.0,5024.0,23110.4,4.6,0.08,10680.14,2732.0,2,1,1,1,1,0,2,2
90.0,487.0,4207.68,8.64,0.1,585.42,66.0,1,1,9,4,1,0,2,2
60.0,18600.0,34410.0,1.85,0.03,4354.8,2175.0,1,3,11,1,1,1,1,2
300.0,846.0,26073.72,30.82,0.1,9299.26,798.0,1,11,7,3,1,1,2,1
60.0,2770.0,28392.5,10.25,0.17,2804.0,909.0,1,1,1,1,0,0,1,2
60.0,36576.0,94366.08,2.58,0.04,1647.0,4145.0,2,1,5,1,1,0,1,2
200.0,100.0,140.0,1.4,0.01,11091.78,1857.0,1,1,10,3,0,0,2,2
60.0,23063.0,155675.25,6.75,0.11,3225.12,1984.0,1,2,11,1,1,1,1,2
30.0,113925.0,1021907.25,8.97,0.3,14325.71,9875.0,2,2,2,1,1,0,1,2
60.0,47108.0,382045.88,8.11,0.14,4486.01,7041.0,2,4,6,1,1,0,1,2
30.0,2661.0,53007.12,19.92,0.66,5166.39,909.0,1,2,12,1,1,0,1,2
30.0,240.0,312.0,1.3,0.04,1678.57,30.0,1,1,3,1,1,1,2,2
30.0,22002.0,126291.48,5.74,0.19,10010.15,2003.0,2,1,5,1,1,0,1,2
60.0,36100.0,220571.0,6.11,0.1,13208.56,3955.0,2,4,7,1,1,0,1,2
30.0,90000.0,946800.0,10.52,0.35,15847.18,24375.0,2,10,7,1,1,0,1,2
60.0,17584.0,142430.4,8.1,0.13,4559.25,2446.0,1,2,11,1,1,1,1,2
240.0,14065.0,29817.8,2.12,0.01,1220.84,6196.0,4,1,8,3,1,1,2,2
30.0,151023.0416074603,1132940.7905894185,12.3,0.41,30981.39,29560.519527155964,2,2,2,1,0,0,1,2
240.0,5590.0,11850.8,2.12,0.01,3961.69,2068.0,4,1,8,3,1,1,2,2
60.0,90955.0,673067.0,7.4,0.12,8654.7,16579.0,1,4,6,1,1,0,1,2
60.0,107556.0,765798.72,7.12,0.12,14144.68,14450.0,1,4,15,1,1,0,1,2
60.0,2352.0,20250.72,8.61,0.14,892.5,211.0,1,1,11,1,1,1,1,2
60.0,31528.0,171197.04,5.43,0.09,10879.44,1899.0,1,1,5,1,1,1,1,2
60.0,8834.0,19964.84,2.26,0.04,8699.8,1600.0,1,1,12,1,1,0,1,2
60.0,142000.0,1132940.7905894185,8.58,0.14,49199.75,29560.519527155964,3,1,4,1,0,0,1,2
100.0,1224.0,97920.0,80.0,0.8,11491.6,588.0,1,6,2,5,1,1,3,3
60.0,42500.0,341700.0,8.04,0.13,16210.31,3868.0,4,1,7,1,1,1,2,2
30.0,1092.0,2446.08,2.24,0.07,6811.39,1585.0,1,1,10,4,1,0,2,2
25.0,87.0,8265.0,95.0,3.8,1333.4,40.0,1,12,3,5,1,1,3,1
30.0,12710.0,40799.1,3.21,0.11,10217.02,9511.0,2,5,6,1,1,0,1,2
1.0,1362.0,33369.0,24.5,10.1678401865825,9718.85,970.0,1,10,15,5,1,1,3,1
100.0,1200.0,84000.0,70.0,0.7,3321.08,274.0,1,9,3,5,1,1,3,3
30.0,151023.0416074603,1132940.7905894185,10.5,0.35,127285.48,28168.0,1,3,5,1,1,1,1,2
20.0,1460.0,46720.0,32.0,1.6,5405.42,613.0,1,7,9,5,1,1,3,4
60.0,151023.0416074603,1132940.7905894185,7.72,0.13,107573.94,29560.519527155964,3,4,4,1,1,0,1,2
100.0,2891.0,257299.0,89.0,0.89,32667.09,1378.0,1,6,4,5,1,1,3,3
20.0,340.0,9860.0,29.0,1.45,827.88,151.0,1,12,15,5,1,1,3,1
60.0,500.0,3855.0,7.71,0.13,17384.76,10681.0,2,1,2,1,1,0,1,2
20.0,500.0,20000.0,40.0,2.0,17928.53,173.0,1,7,9,5,1,1,3,4
120.0,10.0,411.0,41.1,0.34,807.28,9.0,1,8,10,1,1,1,1,1
60.0,70000.0,376600.0,5.38,0.09,12956.94,5154.0,2,5,7,1,1,0,1,2
240.0,338.0,7114.9,21.05,0.09,9869.55,9006.0,1,1,6,3,1,0,2,2
30.0,2800.0,14980.0,5.35,0.18,2964.49,273.0,1,10,9,1,1,1,1,2
100.0,3500.0,245000.0,70.0,0.7,12499.27,794.0,1,9,1,5,1,1,3,3
90.0,4120.0,30076.0,7.3,0.08,4261.03,253.0,2,5,1,1,1,0,2,2
60.0,2420.0,21199.2,8.76,0.15,1534.1,202.0,1,2,12,1,1,0,1,2
240.0,3635.0,6979.2,1.92,0.01,14489.1,1345.0,1,1,10,3,1,0,2,2
100.0,1387.0,110960.0,80.0,0.8,12035.47,662.0,1,6,5,5,1,1,3,3
100.0,5996.0,479680.0,80.0,0.8,22171.8,1363.0,1,6,2,5,1,0,3,3
60.0,10383.0,19727.7,1.9,0.03,3963.0,767.0,3,4,4,1,1,0,2,2
30.0,12830.0,288675.0,22.5,0.75,8344.86,1710.0,1,2,5,1,1,1,1,2
60.0,65072.0,186756.64,2.87,0.05,17278.96,4194.0,4,5,8,1,1,1,1,2
60.0,23100.0,87780.0,3.8,0.06,2400.25,2078.0,2,4,6,1,0,0,1,2
30.0,1200.0,0.0,0.0,0.0,1532.73,80.0,2,1,1,4,1,0,2,2
30.0,20000.0,480000.0,24.0,0.8,82236.74,6223.0,1,10,5,5,1,1,3,1
30.0,151023.0416074603,970600.0,4.22,0.14,22168.18,18968.0,2,2,2,1,1,0,1,2
30.0,19656.0,71547.84,3.64,0.12,18028.41,1679.0,1,1,10,1,1,0,1,2
100.0,2342.0,187360.0,80.0,0.8,20082.38,1113.0,1,9,7,5,1,1,3,3
60.0,11490.0,25967.4,2.26,0.04,3483.79,722.0,1,3,12,1,1,0,1,2
60.0,9576.0,24897.6,2.6,0.04,7884.8,889.0,1,2,11,1,1,1,1,2
20.0,1275.0,34425.0,27.0,1.35,4193.88,483.0,1,12,12,5,1,1,3,1
30.0,34733.0,199367.42,5.74,0.19,5989.25,2746.0,2,2,5,1,1,0,1,2
30.0,120.0,541.2,4.51,0.15,19518.98,10.0,4,1,8,1,1,1,1,2
30.0,3400.0,45968.0,13.52,0.45,2414.89,247.0,2,2,1,1,1,0,1,2
60.0,8732.0,25322.8,2.9,0.05,7302.48,485.0,1,3,1,1,1,0,1,2
60.0,60683.0,456942.99,7.53,0.13,3379.64,3325.0,2,3,2,1,1,0,1,2
60.0,4980.0,40338.0,8.1,0.13,1377.02,695.0,1,2,11,1,1,1,1,2
1.0,3510.0,80730.0,23.0,10.1678401865825,20083.74,2535.0,1,10,15,5,1,1,3,1
60.0,109238.0,246877.88,2.26,0.04,20761.0,11763.0,3,1,4,1,1,0,1,2
20.0,10000.0,270000.0,27.0,1.35,28118.58,3045.0,1,12,4,5,1,1,3,1
30.0,14368.0,52299.52,3.64,0.12,17192.4,4409.0,2,5,1,1,1,0,1,2
60.0,73.0,170.09,2.33,0.04,491.43,5.0,1,3,3,1,1,0,1,2
30.0,20921.0,122806.27,5.87,0.2,6010.2,6692.0,2,1,5,1,1,0,1,2
30.0,2610.0,58725.0,22.5,0.75,8758.37,1195.0,1,2,1,1,1,0,1,2
60.0,20000.0,43000.0,2.15,0.04,6020.81,980.0,1,1,2,1,1,1,1,2
50.0,31.0,38750.0,231.81862644109202,10.1678401865825,1324.43,43.0,1,10,12,5,1,1,3,1
100.0,11310.0,14703.0,1.3,0.01,10898.12,2454.0,1,1,12,3,1,1,2,2
60.0,760.0,5206.0,6.85,0.11,1575.13,97.0,1,8,1,1,1,1,1,1
240.0,2040.0,3080.4,1.51,0.01,2214.69,820.0,4,1,10,3,1,1,2,2
60.0,2870.0,7031.5,2.45,0.04,4313.33,277.0,2,10,6,1,1,0,1,2
120.0,2698.0,110887.8,41.1,0.34,9869.55,9006.0,1,8,6,1,0,0,1,1
100.0,4484.0,358720.0,80.0,0.8,19489.83,1744.0,1,6,3,5,1,1,3,3
100.0,2915.0,0.0,0.0,0.0,20583.37,1208.0,1,6,5,5,1,1,3,3
30.0,64771.0,506509.22,7.82,0.26,5298.03,4398.0,1,4,8,1,1,1,1,2
25.0,659.0,13180.0,20.0,0.8,2358.13,206.0,1,10,1,5,1,1,3,1
100.0,150.0,20850.0,139.0,1.39,1894.41,105.0,1,7,10,5,1,1,3,1
60.0,18027.0,73730.43,4.09,0.07,1765.18,1228.0,2,1,2,1,1,0,2,2
100.0,86.0,6880.0,80.0,0.8,1765.86,40.0,1,9,5,5,1,1,3,3
120.0,8000.0,289280.0,36.16,0.3,3600.65,1647.0,1,8,15,1,1,0,1,1
30.0,168.0,971.04,5.78,0.19,11637.64,15.0,3,1,4,1,1,0,1,2
318.3236241491045,34.0,1547.68,45.52,0.08,1755.87,115.0,1,10,4,1,1,1,6,1
60.0,5184.0,15033.6,2.9,0.05,1576.8,507.0,2,1,12,1,1,0,1,2
60.0,616.0,4219.6,6.85,0.11,1053.88,87.0,1,8,6,1,1,1,1,1
30.0,1456.0,34944.0,24.0,0.8,5074.33,486.0,1,10,1,5,1,1,3,1
90.0,2440.0,22692.0,9.3,0.1,1659.21,163.0,1,5,10,4,1,1,2,2
30.0,3400.0,47464.0,13.96,0.47,1981.6,315.0,2,2,6,1,1,0,1,2
30.0,7035.0,105525.0,15.0,0.5,2242.71,440.0,1,2,12,4,1,1,1,2
60.0,9838.0,172165.0,17.5,0.29,9869.55,9006.0,1,1,6,1,0,0,1,2
30.0,10000.0,47000.0,4.7,0.16,10680.14,1387.0,2,3,1,1,1,0,1,2
60.0,225.0,508.5,2.26,0.04,1641.0,81.0,2,3,3,1,1,0,1,2
60.0,151023.0416074603,1132940.7905894185,2.43,0.04,37401.43,23655.0,4,5,8,1,1,1,1,2
30.0,45840.0,179234.4,3.91,0.13,27321.52,5486.0,1,5,12,1,1,0,1,2
20.0,20.0,540.0,27.0,1.35,386.16,11.0,1,12,3,5,1,1,3,1
100.0,100.0,7199.0,71.99,0.72,1038.39,25.0,1,9,3,5,1,1,3,3
60.0,11755.0,96391.0,8.2,0.14,9046.76,1083.0,1,3,11,1,1,1,1,2
20.0,165.0,5280.0,32.0,1.6,794.72,138.0,1,7,15,5,1,1,3,4
30.0,19740.0,237077.4,12.01,0.4,31051.3,2941.0,1,1,10,1,1,0,1,2
40.0,1000.0,110000.0,110.0,2.75,8114.11,1073.0,1,10,1,5,1,1,3,1
60.0,12106.0,52055.8,4.3,0.07,3592.8,2461.0,2,4,5,1,0,0,2,2
60.0,100425.0,267130.5,2.66,0.04,7826.75,6880.0,2,5,1,1,1,0,1,2
100.0,3000.0,233100.0,77.7,0.78,11463.46,680.0,1,9,1,5,1,1,3,3
20.0,47.0,1504.0,32.0,1.6,870.22,15.0,1,7,3,5,1,1,3,4
100.0,10798.0,961022.0,89.0,0.89,66059.65,4388.0,1,6,4,5,1,1,3,3
60.0,38400.0,112128.0,2.92,0.05,6369.79,4528.0,1,1,8,1,1,1,1,2
100.0,2926.0,234080.0,80.0,0.8,24596.33,1394.0,1,6,5,5,1,1,3,3
60.0,4560.0,30825.6,6.76,0.11,1740.47,230.0,1,1,3,1,1,0,1,2
60.0,336.0,2520.0,7.5,0.12,2525.73,18.0,1,2,11,1,1,1,1,2
1.0,3510.0,80730.0,23.0,10.1678401865825,20083.74,2535.0,1,10,15,5,1,1,3,1
20.0,50.0,1600.0,32.0,1.6,617.79,17.0,1,7,3,5,1,1,3,4
100.0,250.0,17997.5,71.99,0.72,1796.68,57.0,1,9,1,5,1,1,3,3
1.0,1100.0,26950.0,24.5,10.1678401865825,7655.99,780.0,1,10,15,5,1,1,3,1
120.0,5337.0,100869.3,18.9,0.16,3730.8,1089.0,2,8,12,1,1,0,1,1
60.0,20000.0,40000.0,2.0,0.03,18207.5,2806.0,1,2,11,1,1,1,1,2
60.0,14066.0,159649.1,11.35,0.19,9547.7,1593.0,2,1,12,1,1,0,1,2
60.0,25540.0,74066.0,2.9,0.05,6774.59,2031.0,1,1,15,1,1,0,1,2
100.0,2891.0,231280.0,80.0,0.8,25607.44,1378.0,1,6,6,5,1,1,3,3
60.0,16947.0,41011.74,2.42,0.04,8709.0,1956.0,2,2,2,1,1,0,1,2
50.0,45.0,55913.85,231.81862644109202,10.1678401865825,1305.28,68.0,1,10,12,5,1,1,3,1
60.0,4782.0,53654.04,11.22,0.19,8676.9,617.0,1,2,12,1,1,0,1,2
30.0,6667.0,26067.97,3.91,0.13,3062.18,406.0,1,5,3,1,1,0,1,2
90.0,2520.0,21772.8,8.64,0.1,2716.08,318.0,1,1,9,4,1,0,2,2
180.0,50.0,2500.0,50.0,0.28,505.0,25.0,2,10,15,4,0,0,1,1
60.0,28000.0,317800.0,11.35,0.19,11637.64,3239.0,3,1,4,1,1,0,1,2
30.0,55300.0,539728.0,9.76,0.33,61201.46,6247.0,1,2,3,1,1,0,1,2
120.0,33171.0,626931.9,18.9,0.16,28647.52,7355.0,2,8,1,1,1,0,1,1
300.0,1500.0,46230.0,30.82,0.1,9299.26,1374.0,1,11,7,3,1,1,2,1
1.0,20481.0,501784.5,24.5,10.1678401865825,139951.34,13656.0,1,10,9,5,1,1,3,1
30.0,37696.0,420310.4,11.15,0.37,10942.89,5093.0,2,3,7,1,1,0,1,2
20.0,1900.0,55100.0,29.0,1.45,7153.63,763.0,1,12,1,5,1,1,3,1
60.0,182.0,2358.72,12.96,0.22,12862.56,1283.0,1,2,3,1,0,0,1,2
60.0,6.0,19.2,3.2,0.05,3671.92,6036.0,1,3,6,1,0,0,1,2
120.0,3470.0,285234.0,82.2,0.68,5215.07,862.0,1,8,11,1,1,1,1,1
60.0,31920.0,127360.8,3.99,0.07,16007.06,1855.0,1,10,11,1,1,1,1,2
100.0,800.0,56000.0,70.0,0.7,3272.6,182.0,1,9,1,5,1,1,3,3
100.0,9330.0,830370.0,89.0,0.89,61637.1,3787.0,1,6,4,5,1,1,3,3
100.0,2788.0,223040.0,80.0,0.8,16337.03,1215.0,1,6,12,5,1,1,3,3
100.0,50.0,20000.0,231.81862644109202,4.0,3004.62,120.0,1,10,1,5,1,1,3,1
100.0,170.0,11900.0,70.0,0.7,2883.51,40.0,1,9,3,5,1,1,3,3
100.0,4400.0,352000.0,80.0,0.8,24728.57,1033.0,1,6,1,5,1,1,3,3
30.0,2016.0,15765.12,7.82,0.26,1881.24,136.0,1,4,8,1,1,1,1,2
30.0,10565.0,211300.0,20.0,0.67,6758.01,1412.0,1,2,5,1,1,1,1,2
100.0,6375.0,567375.0,89.0,0.89,38029.42,3764.0,1,6,4,5,1,1,3,3
30.0,1400.0,31500.0,22.5,0.75,4171.65,364.0,1,2,1,1,1,1,1,2
20.0,132.0,4224.0,32.0,1.6,1595.38,50.0,1,7,3,5,1,1,3,4
60.0,8989.0,66788.27,7.43,0.12,3315.24,454.0,1,1,8,1,1,1,1,2
60.0,25100.0,276100.0,11.0,0.18,18772.94,2575.0,1,4,11,1,1,1,1,2
60.0,23355.0,54884.25,2.35,0.04,5221.88,1073.0,1,5,11,1,1,1,1,2
100.0,90.0,8010.0,89.0,0.89,1405.56,39.0,1,6,3,5,1,1,3,3
100.0,2530.0,196581.0,77.7,0.78,26849.57,575.0,1,9,9,5,1,1,3,3
60.0,3345.0,26024.1,7.78,0.13,5530.11,7095.0,2,2,7,1,1,0,1,2
30.0,2118.0,2647.5,1.25,0.04,1987.82,134.0,1,1,10,1,1,1,2,2
30.0,1200.0,1836.0,1.53,0.05,428.66,52.0,1,10,4,1,1,1,5,2
30.0,200.0,2000.0,10.0,0.33,1483.39,44.0,1,2,12,1,1,0,1,2
100.0,2891.0,257299.0,89.0,0.89,31201.82,1378.0,1,9,4,5,1,1,3,3
60.0,6459.0,0.0,0.0,0.0,11705.87,565.0,1,4,3,1,1,0,2,2
30.0,8000.0,16000.0,2.0,0.07,2947.59,483.0,2,4,7,1,1,0,1,2
120.0,7000.0,425740.0,60.82,0.51,4881.42,1714.0,1,8,11,1,1,1,1,1
60.0,3200.0,12000.0,3.75,0.06,1137.18,166.0,2,2,1,1,1,0,2,2
20.0,1000.0,32000.0,32.0,1.6,3494.5,334.0,1,7,9,5,1,0,3,4
240.0,1664.0,27456.0,16.5,0.07,10451.25,905.0,1,1,1,3,1,0,2,2
100.0,2870.0,229600.0,80.0,0.8,24308.25,1368.0,1,6,5,5,1,1,3,3
20.0,412.0,13184.0,32.0,1.6,1375.8,123.0,1,7,3,5,1,1,3,4
90.0,4000.0,29200.0,7.3,0.08,3138.35,244.0,1,5,1,1,1,0,2,2
318.3236241491045,143.0,5485.48,38.36,0.11,9869.55,9006.0,1,11,6,4,0,0,1,1
60.0,2464.0,3720.64,1.51,0.03,2879.96,114.0,1,5,11,4,1,1,1,2
90.0,105.0,1680.0,16.0,0.18,1015.24,14.0,1,1,10,4,1,0,2,2
60.0,10000.0,113600.0,11.36,0.19,4768.06,3118.0,2,2,6,1,1,0,1,2
30.0,2160.0,56700.0,26.25,0.88,1660.07,186.0,1,10,1,1,1,0,1,1
100.0,120.0,9600.0,80.0,0.8,3267.66,55.0,1,9,6,5,1,1,3,3
90.0,3969.0,17542.98,4.42,0.05,251.42,561.0,2,10,7,4,1,0,2,2
100.0,8787.0,702960.0,80.0,0.8,52462.81,3560.0,1,6,7,5,1,1,3,3
60.0,2800.0,19600.0,7.0,0.12,3292.15,555.0,1,10,11,1,1,1,2,1
270.0,764.0,60814.4,79.6,0.29,859.14,1669.0,1,10,6,1,1,0,1,1
100.0,630.0,3458.7,5.49,0.05,2729.91,48.0,1,1,11,4,1,1,2,2
30.0,860.0,10328.6,12.01,0.4,675.0,76.0,1,1,12,1,1,0,1,2
30.0,151023.0416074603,1132940.7905894185,5.74,0.19,119474.09,24233.0,1,2,2,1,1,1,1,2
60.0,4200.0,16338.0,3.89,0.06,1965.57,180.0,2,5,1,1,1,0,2,2
100.0,152.0,1.52,0.01,0.0,798.59,45.0,1,9,3,5,1,0,4,2
30.0,24912.0,82956.96,3.33,0.11,23809.39,11337.0,2,5,12,1,0,0,1,2
60.0,22.0,162.8,7.4,0.12,7364.52,2262.0,1,4,7,1,0,0,1,2
20.0,44.0,1276.0,29.0,1.45,529.4,15.0,1,12,15,5,1,1,3,1
30.0,151023.0416074603,1132940.7905894185,11.15,0.37,26340.0,28992.0,3,3,4,1,1,0,1,2
60.0,37979.0,147738.31,3.89,0.06,3526.69,1628.0,2,5,2,1,1,0,2,2
30.0,5000.0,60050.0,12.01,0.4,8231.95,4247.0,2,2,2,1,1,0,1,2
20.0,450.0,14400.0,32.0,1.6,1871.07,164.0,1,7,3,5,1,1,3,4
30.0,22826.0,228260.0,10.0,0.33,9736.1,2500.0,3,2,4,1,1,0,1,2
30.0,116000.0,815480.0,7.03,0.23,13688.03,7965.0,4,4,8,1,1,1,1,2
240.0,1470.0,18375.0,12.5,0.05,95269.39,9635.0,1,1,10,3,1,0,2,2
100.0,7238.0,644182.0,89.0,0.89,13336.64,1246.0,1,6,3,5,1,1,3,3
30.0,715.0,2888.6,4.04,0.13,1171.2,44.0,2,2,9,1,1,0,1,2
60.0,60300.0,186327.0,3.09,0.05,16769.43,3539.0,1,3,9,1,1,1,1,2
30.0,54008.0,349431.76,6.47,0.22,12796.59,3658.0,4,4,8,1,1,1,1,2
60.0,10044.0,95418.0,9.5,0.16,10879.28,7341.0,1,4,6,1,1,0,1,2
30.0,25190.0,117637.3,4.67,0.16,5886.9,2131.0,1,1,8,1,1,1,1,2
180.0,252.0,12600.0,50.0,0.28,3671.92,6036.0,1,10,6,4,0,0,1,1
30.0,7323.0,71179.56,9.72,0.32,7584.12,631.0,1,1,10,1,1,0,1,2
60.0,1028.0,22616.0,22.0,0.37,1794.89,107.0,1,10,5,4,1,1,2,2
60.0,43470.0,155187.9,3.57,0.06,18137.64,4398.0,1,10,2,1,1,0,1,2
40.0,160.0,12160.0,76.0,1.9,1754.0,173.0,1,10,1,5,1,0,3,1
60.0,72333.0,245932.2,3.4,0.06,15220.18,4957.0,2,3,2,1,1,0,1,2
60.0,43676.0,105695.92,2.42,0.04,25636.2,12561.0,2,1,2,1,1,0,1,2
60.0,9408.0,31987.2,3.4,0.06,6269.7,893.0,1,1,2,1,1,0,1,2
60.0,41142.0,103266.42,2.51,0.04,12601.12,2822.0,3,5,4,1,1,0,1,2
60.0,13836.0,34728.36,2.51,0.04,6476.7,1332.0,2,10,2,1,1,0,1,2
20.0,137.0,4384.0,32.0,1.6,1367.59,62.0,1,7,3,5,1,1,3,4
90.0,1515.0,15119.7,9.98,0.11,4134.92,201.0,4,1,8,4,1,1,2,2
60.0,3194.0,24657.68,7.72,0.13,51645.79,23220.0,3,3,4,1,1,0,1,2
40.0,375.0,28500.0,76.0,1.9,4445.75,402.0,1,10,4,5,1,1,3,1
180.0,325.0,5512.0,16.96,0.09,23866.2,2085.0,1,10,10,3,1,0,2,1
60.0,6493.0,11492.61,1.77,0.03,1457.92,301.0,1,10,11,1,1,1,1,2
240.0,600.0,1170.0,1.95,0.01,3106.89,239.0,1,1,3,3,1,0,2,2
30.0,30000.0,99900.0,3.33,0.11,10680.14,2732.0,2,10,1,1,0,0,1,2
100.0,1044.0,83520.0,80.0,0.8,9894.85,499.0,1,6,5,5,1,1,3,3
30.0,27608.0,389272.8,14.1,0.47,8334.77,4669.0,1,2,11,1,0,1,1,2
30.0,64738.0,506251.16,7.82,0.26,3646.13,4457.0,1,4,8,1,1,1,1,2
60.0,24768.0,61672.32,2.49,0.04,11701.65,20019.0,2,3,6,1,1,0,1,2
30.0,81589.0,783254.4,9.6,0.32,23559.93,21668.0,2,10,7,1,1,0,1,2
30.0,3000.0,19710.0,6.57,0.22,13398.06,263.0,3,1,4,1,1,0,1,2
60.0,4124.0,6392.2,1.55,0.03,7363.74,273.0,1,1,4,4,1,0,1,2
30.0,1134.0,14912.1,13.15,0.44,1076.5,121.0,2,2,1,1,1,0,1,2
200.0,330.0,412.5,1.25,0.01,161712.87,16035.0,1,1,10,3,0,0,2,2
60.0,2484.0,21759.84,8.76,0.15,2400.25,2078.0,2,1,6,1,1,0,1,2
100.0,3041.0,270649.0,89.0,0.89,21084.84,1235.0,1,6,4,5,1,1,3,3
120.0,6364.0,123207.04,19.36,0.16,8834.07,1591.0,1,1,3,1,1,0,1,2
60.0,25712.0,198496.64,7.72,0.13,16532.5,7666.0,3,1,4,1,0,0,1,2
30.0,5763.0,26625.06,4.62,0.15,3610.0,599.0,2,3,6,1,1,0,1,2
60.0,32067.0,230882.4,7.2,0.12,3671.92,2382.0,1,5,6,1,1,0,1,2
60.0,35400.0,120360.0,3.4,0.06,14931.8,1987.0,1,3,4,1,1,0,1,2
60.0,384.0,1121.28,2.92,0.05,950.05,20.0,1,5,10,1,1,1,1,2
240.0,4157.0,5944.51,1.43,0.01,6437.76,1385.0,2,1,1,3,1,0,2,2
60.0,475.0,1092.5,2.3,0.04,8163.74,1982.0,2,4,12,1,1,0,2,2
60.0,20000.0,221800.0,11.09,0.18,9716.76,2069.0,1,2,5,1,1,1,1,2
60.0,2706.0,18536.1,6.85,0.11,9539.6,346.0,1,8,1,1,1,1,1,1
30.0,40230.0,533852.1,13.27,0.44,11874.85,4525.0,2,2,1,1,1,0,1,2
120.0,1784.0,37464.0,21.0,0.18,3332.73,475.0,2,2,1,1,1,0,1,2
60.0,216.0,285.12,1.32,0.02,161712.87,16035.0,1,1,10,4,0,0,1,2
30.0,1860.0,23101.2,12.42,0.41,5145.86,4256.0,1,4,7,1,1,0,1,2
60.0,13023.0,33599.34,2.58,0.04,3787.65,750.0,1,5,3,1,1,0,1,2
20.0,20000.0,640000.0,32.0,1.6,41300.11,6568.0,1,7,3,5,1,1,3,4
30.0,19.0,551.0,29.0,0.97,780.34,13.0,1,10,1,5,1,1,3,1
30.0,127904.0,579405.12,4.53,0.15,15331.5,10980.0,4,1,8,1,1,1,1,2
100.0,30.0,10500.0,231.81862644109202,3.5,1765.54,72.0,1,10,3,5,1,1,3,1
60.0,75000.0,735750.0,9.81,0.16,11874.85,14413.0,2,2,1,1,1,0,1,2
20.0,3049.0,82323.0,27.0,1.35,7208.0,904.0,1,12,1,5,1,1,3,1
100.0,5884.0,523676.0,89.0,0.89,34730.62,3435.0,1,6,4,5,1,1,3,3
100.0,2744.0,219520.0,80.0,0.8,22317.25,1303.0,1,6,5,5,1,1,3,3
30.0,31560.0,418801.2,13.27,0.44,15459.09,3856.0,1,2,4,1,1,0,1,2
30.0,47614.0,196169.68,4.12,0.14,9657.88,3453.0,1,5,1,1,1,0,1,2
120.0,10000.0,196600.0,19.66,0.16,28406.4,7041.0,2,3,1,1,1,0,1,2
60.0,44131.0,495149.82,11.22,0.19,81670.57,5364.0,1,1,9,1,1,0,1,2
60.0,3000.0,10200.0,3.4,0.06,1074.95,168.0,1,3,6,1,1,0,1,2
30.0,38692.0,415552.08,10.74,0.36,32683.47,4707.0,1,2,3,1,1,1,1,2
30.0,12000.0,24000.0,2.0,0.07,954.13,700.0,2,4,2,1,1,0,1,2
60.0,38975.0,280620.0,7.2,0.12,9161.95,13123.0,1,5,6,1,1,0,1,2
120.0,25597.0,750248.07,29.31,0.24,20786.04,9790.0,2,2,1,1,1,0,1,2
60.0,2469.0,27726.87,11.23,0.19,1163.2,230.0,2,2,5,1,1,0,1,2
60.0,100000.0,266000.0,2.66,0.04,13411.32,6206.0,2,3,2,1,1,0,1,2
30.0,2600.0,33800.0,13.0,0.43,1131.48,236.0,1,1,15,4,1,1,1,2
60.0,7526.0,41393.0,5.5,0.09,1263.0,507.0,3,1,4,1,1,0,1,2
60.0,24816.0,201257.76,8.11,0.14,16835.52,3392.0,1,3,6,1,1,1,1,2
60.0,14124.0,133471.8,9.45,0.16,2882.85,2115.0,2,4,2,1,1,0,1,2
60.0,2697.0,16020.18,5.94,0.1,4126.9,1825.0,1,8,10,1,1,1,2,2
20.0,9048.0,244296.0,27.0,1.35,20635.3,2985.0,1,12,4,5,1,1,3,1
30.0,79620.0,469758.0,5.9,0.2,40583.63,7133.0,1,1,2,1,1,1,1,2
25.0,3.0,0.03,0.01,0.0,99.0,3.0,2,10,3,5,1,0,3,1
120.0,1500.0,149780.99,99.85,0.83,2527.94,271.0,1,10,1,1,1,1,1,1
120.0,11480.0,415116.8,36.16,0.3,28238.31,4794.0,1,8,1,1,1,1,1,1
30.0,60757.0,200498.1,3.3,0.11,20136.28,5215.0,1,1,5,1,1,1,1,2
60.0,45000.0,384750.0,8.55,0.14,3936.85,4171.0,2,1,6,1,1,0,1,2
30.0,117359.0,997551.5,8.5,0.28,32530.22,10329.0,4,2,9,1,1,1,1,2
60.0,20000.0,129800.0,6.49,0.11,3868.49,1748.0,1,2,11,1,1,1,1,2
100.0,10000.0,890000.0,89.0,0.89,31923.61,2951.0,1,9,3,5,1,1,3,3
60.0,10158.0,71918.64,7.08,0.12,1934.17,941.0,1,3,11,1,1,1,1,2
60.0,16752.0,158306.4,9.45,0.16,11572.0,1580.0,1,1,10,1,1,0,1,2
60.0,9692.0,92074.0,9.5,0.16,6346.22,1215.0,1,1,15,1,1,0,1,2
30.0,1747.0,19217.0,11.0,0.37,1340.96,152.0,1,1,12,1,1,0,1,2
30.0,2933.0,49127.75,16.75,0.56,9869.55,9006.0,1,1,6,1,0,0,1,2
60.0,17000.0,190740.0,11.22,0.19,14467.75,2156.0,1,2,12,1,1,0,1,2
60.0,40000.0,448800.0,11.22,0.19,9736.1,4693.0,3,1,4,1,1,0,1,2
240.0,1800.0,3330.0,1.85,0.01,4370.8,718.0,3,1,9,3,1,0,2,2
100.0,2744.0,244216.0,89.0,0.89,24927.19,1186.0,1,6,4,5,1,1,3,3
30.0,121000.0,1132940.7905894185,9.6,0.32,68103.71,29560.519527155964,3,3,4,1,1,0,1,2
25.0,270.0,5400.0,20.0,0.8,98.08,97.0,2,10,3,5,1,0,3,1
60.0,12000.0,157800.0,13.15,0.22,28202.0,1239.0,1,2,9,1,1,0,1,2
100.0,5408.0,420201.6,77.7,0.78,17085.16,1229.0,1,9,1,5,1,1,3,3
100.0,850.0,8.5,0.01,0.0,360.0,56.0,1,9,12,5,1,1,4,2
60.0,1411.0,46563.0,33.0,0.55,1950.74,145.0,1,10,9,4,1,1,2,2
60.0,25000.0,168250.0,6.73,0.11,4768.06,3118.0,2,1,6,1,0,0,1,2
30.0,116931.0,1132940.7905894185,10.78,0.36,7083.18,13280.0,2,2,5,1,1,0,1,2
30.0,50000.0,600500.0,12.01,0.4,4579.42,3817.0,2,2,2,1,1,0,1,2
60.0,10000.0,118000.0,11.8,0.2,5048.32,1456.0,1,1,1,1,1,0,1,2
30.0,43441.0,357519.43,8.23,0.27,15322.7,3263.0,3,2,4,1,1,0,1,2
60.0,10227.0,23113.02,2.26,0.04,11133.66,394.0,2,3,7,1,0,0,1,2
60.0,26267.0,72496.92,2.76,0.05,6933.75,1875.0,2,2,7,1,1,0,2,2
240.0,5496.0,10827.12,1.97,0.01,25739.49,6230.0,1,1,2,3,1,0,2,2
60.0,10962.0,96027.12,8.76,0.15,6111.21,2634.0,1,1,1,1,1,0,1,2
100.0,8331.0,741459.0,89.0,0.89,37548.87,1980.0,1,9,3,5,1,1,3,3
30.0,3905.0,78100.0,20.0,0.67,7296.97,1189.0,1,2,10,1,0,1,1,2
120.0,1320.0,47731.2,36.16,0.3,2080.2,276.0,1,8,10,1,1,0,1,1
60.0,114996.0,931467.6,8.1,0.13,56180.34,15435.0,1,4,12,1,1,1,1,2
60.0,38463.0,383860.74,9.98,0.17,20896.5,3450.0,1,4,9,1,1,0,1,2
30.0,27304.0,118499.36,4.34,0.14,56372.66,13087.0,1,2,12,1,1,0,1,2
20.0,170.0,5440.0,32.0,1.6,143.57,58.0,1,7,15,5,1,1,3,4
60.0,1848.0,17556.0,9.5,0.16,4807.0,402.0,1,1,3,1,1,0,1,2
240.0,1653.0,6529.35,3.95,0.02,13873.0,2846.0,1,1,4,3,0,0,2,2
90.0,1260.0,12234.6,9.71,0.11,2452.54,194.0,1,1,10,4,1,0,2,2
30.0,9800.0,31262.0,3.19,0.11,4958.0,622.0,2,5,1,1,1,0,1,2
30.0,662.0,17377.5,26.25,0.88,6443.61,62.0,1,10,4,1,1,0,1,1
30.0,570.0,1977.9,3.47,0.12,505.17,26.0,1,10,2,4,1,0,2,1
240.0,1000.0,1920.0,1.92,0.01,13762.41,960.0,1,1,11,3,1,1,2,2
60.0,19425.0,36907.5,1.9,0.03,8043.57,1043.0,2,4,7,1,1,0,2,2
30.0,844.0,5545.08,6.57,0.22,12601.07,76.0,3,1,4,1,1,0,1,2
100.0,10368.0,13478.4,1.3,0.01,10898.13,2127.0,1,1,12,3,1,1,2,2
60.0,1260.0,2016.0,1.6,0.03,4251.0,988.0,1,1,4,4,1,0,1,2
120.0,2508.0,87780.0,35.0,0.29,5002.73,645.0,1,1,3,1,1,1,1,2
100.0,7318.0,651302.0,89.0,0.89,29339.63,2556.0,1,9,3,5,1,1,3,3
60.0,10762.0,87172.2,8.1,0.13,2702.63,1485.0,1,4,11,1,1,1,1,2
60.0,26598.0,216773.7,8.15,0.14,5764.28,3301.0,1,1,11,1,1,1,1,2
60.0,4000.0,8600.0,2.15,0.04,1332.7,474.0,2,4,12,1,1,0,2,2
30.0,95597.0,443570.08,4.64,0.15,20992.67,10656.0,3,10,4,1,1,0,1,2
60.0,47392.0,341222.4,7.2,0.12,3599.76,7113.0,1,4,6,1,1,0,1,2
60.0,390.0,21645.0,55.5,0.92,433.0,39.0,1,10,12,1,1,1,1,1
30.0,40148.0,401480.0,10.0,0.33,9736.1,3312.0,3,2,4,1,1,0,1,2
60.0,14044.0,42693.76,3.04,0.05,2963.8,732.0,1,10,15,1,1,0,1,2
100.0,200.0,70000.0,231.81862644109202,3.5,9334.68,480.0,1,10,10,5,1,1,3,1
120.0,4165.0,342363.0,82.2,0.68,5417.87,1010.0,1,8,11,1,1,1,1,1
30.0,32510.0,381992.5,11.75,0.39,28336.18,2791.0,1,1,9,1,1,1,1,2
30.0,1467.0,29340.0,20.0,0.67,4822.01,114.0,1,1,9,4,1,1,1,2
120.0,100.0,4110.0,41.1,0.34,1152.63,23.0,1,8,12,1,1,0,1,1
60.0,139000.0,935470.0,6.73,0.11,8191.96,12307.0,2,3,6,1,1,0,1,2
60.0,10000.0,129600.0,12.96,0.22,7951.22,1033.0,2,2,6,1,1,0,1,2
60.0,591.0,6737.4,11.4,0.19,430.5,36.0,1,1,11,1,1,1,1,2
60.0,100000.0,981000.0,9.81,0.16,8751.99,14115.0,2,3,7,1,1,0,1,2
270.0,2579.0,205288.4,79.6,0.29,1824.11,663.0,1,10,6,1,1,0,1,1
3.0,10.0,250.0,25.0,8.33,337.89,6.0,1,10,3,5,1,1,4,1
60.0,2489.0,68522.17,27.53,0.46,25739.49,6230.0,1,10,2,1,0,0,1,2
30.0,20160.0,224784.0,11.15,0.37,10942.88,2277.0,2,2,7,1,1,0,1,2
120.0,500.0,41095.0,82.19,0.68,1767.38,117.0,1,8,11,1,1,1,1,1
100.0,1000.0,80000.0,80.0,0.8,2802.42,343.0,1,10,10,5,1,1,3,3
30.0,2178.0,12784.86,5.87,0.2,5989.25,2304.0,2,1,5,1,1,0,1,2
60.0,24349.0,267839.0,11.0,0.18,11838.56,2799.0,1,5,11,1,1,1,1,2
30.0,8676.0,50147.28,5.78,0.19,5254.1,4845.0,1,1,1,1,1,0,1,2
120.0,9517.0,320722.9,33.7,0.28,17068.85,2368.0,1,8,1,1,1,1,1,1
60.0,11569.0,109327.05,9.45,0.16,8504.72,1072.0,1,1,4,1,1,0,1,2
60.0,4000.0,7960.0,1.99,0.03,274.51,312.0,2,10,2,1,1,0,2,2
30.0,39330.0,511290.0,13.0,0.43,66916.5,4426.0,4,2,9,1,1,1,1,2
60.0,392.0,842.8,2.15,0.04,1372.38,29.0,1,1,9,4,1,0,1,2
318.3236241491045,30.0,197.1,6.57,0.01,21015.77,3221.0,1,10,10,1,1,1,5,2
60.0,11949.0,104673.24,8.76,0.15,11637.65,1084.0,3,1,4,1,1,0,1,2
60.0,8586.0,19060.92,2.22,0.04,3855.94,775.0,2,3,6,1,0,0,1,2
20.0,150.0,4800.0,32.0,1.6,952.04,54.0,2,7,3,5,1,0,3,4
30.0,1000.0,18000.0,18.0,0.6,1579.89,132.0,1,10,10,1,1,1,1,2
60.0,104636.0,284609.92,2.72,0.05,8527.46,11275.0,4,4,8,1,1,1,1,2
60.0,1946.0,4534.18,2.33,0.04,2070.68,195.0,2,3,12,1,1,0,1,2
60.0,800.0,8960.0,11.2,0.19,1593.67,953.0,1,3,11,1,0,1,1,2
60.0,19200.0,48192.0,2.51,0.04,9421.76,1936.0,2,2,2,1,1,0,1,2
60.0,5701.0,23659.15,4.15,0.07,3487.55,338.0,2,2,1,1,1,0,2,2
180.0,70.0,1187.2,16.96,0.09,933.09,30.0,1,10,10,3,1,0,2,1
200.0,800.0,1120.0,1.4,0.01,1286.0,77.0,1,1,1,3,1,0,2,2
100.0,4000.0,320000.0,80.0,0.8,14692.8,1624.0,1,6,12,5,1,1,3,3
30.0,131808.0,1132940.7905894185,12.01,0.4,8399.76,9996.0,1,2,5,1,1,0,1,2
30.0,53279.0,438486.17,8.23,0.27,15322.73,5494.0,3,2,4,1,1,0,1,2
30.0,1500.0,17625.0,11.75,0.39,2288.29,109.0,1,2,12,1,1,0,1,2
60.0,4250.0,55887.5,13.15,0.22,3062.18,437.0,1,2,3,1,1,0,1,2
60.0,8251.0,227150.03,27.53,0.46,3303.52,822.0,1,1,2,1,1,0,1,2
20.0,728.0,23296.0,32.0,1.6,6897.71,245.0,1,7,3,5,1,1,3,4
60.0,4050.0,9436.5,2.33,0.04,3495.81,195.0,2,1,6,1,1,0,1,2
60.0,2000.0,3800.0,1.9,0.03,1484.75,251.0,1,4,3,1,1,1,2,2
30.0,36000.0,378000.0,10.5,0.35,20371.77,4171.0,1,10,3,1,1,1,1,2
120.0,2000.0,121640.0,60.82,0.51,1467.82,499.0,1,8,11,1,1,1,1,1
240.0,10233.0,21693.96,2.12,0.01,6660.05,3542.0,4,1,8,3,1,1,2,2
1.0,160.0,800.0,5.0,5.0,2084.52,149.0,1,6,3,5,1,1,4,3
1.0,3510.0,80730.0,23.0,10.1678401865825,23035.69,2535.0,1,10,15,5,1,1,3,1
60.0,2145.0,14693.25,6.85,0.11,2383.65,309.0,1,8,5,1,1,1,1,1
60.0,31144.0,70385.44,2.26,0.04,7134.39,10109.0,2,3,5,1,1,0,1,2
30.0,71.0,1651.46,23.26,0.78,493.42,15.0,1,8,11,1,1,1,1,1
30.0,750.0,15000.0,20.0,0.67,1131.48,236.0,1,1,15,4,0,1,1,2
60.0,12917.0,29709.1,2.3,0.04,3592.8,2461.0,2,4,5,1,1,0,2,2
60.0,19600.0,120540.0,6.15,0.1,12423.96,1926.0,1,4,11,1,1,1,1,2
240.0,3100.0,6045.0,1.95,0.01,14661.14,1156.0,1,1,10,3,1,0,2,2
30.0,8192.0,90112.0,11.0,0.37,101348.75,9516.0,1,2,10,1,1,0,1,2
30.0,30685.0,144219.5,4.7,0.16,6506.75,5426.0,1,3,12,1,1,0,1,2
30.0,46500.0,499410.0,10.74,0.36,9195.61,5342.0,4,2,10,1,1,1,1,2
60.0,34910.0,283818.3,8.13,0.14,37479.21,4426.0,1,1,3,1,1,1,1,2
60.0,50000.0,170000.0,3.4,0.06,6002.19,4733.0,1,1,2,1,1,0,1,2
30.0,3120.0,81900.0,26.25,0.88,2941.11,798.0,1,10,1,1,1,0,1,1
60.0,41840.0,248529.6,5.94,0.1,25189.51,4528.0,4,8,7,1,1,1,2,2
60.0,12745.0,43333.0,3.4,0.06,8332.0,1197.0,1,1,15,1,1,0,1,2
240.0,595.0,5063.45,8.51,0.04,7300.0,236.0,2,1,7,3,1,0,2,2
20.0,500.0,16000.0,32.0,1.6,3478.5,166.0,1,7,9,5,1,1,3,4
30.0,300.0,5976.0,19.92,0.66,3380.35,1264.0,1,2,1,1,0,0,1,2
60.0,25.0,169.0,6.76,0.11,5220.79,1.0,2,3,12,1,1,0,1,2
30.0,55488.0,605928.96,10.92,0.36,43548.0,29560.519527155964,3,2,4,1,0,0,1,2
30.0,14000.0,154000.0,11.0,0.37,13538.35,1169.0,1,1,4,1,1,0,1,2
100.0,2070.0,165600.0,80.0,0.8,19368.23,988.0,1,6,1,5,1,1,3,3
60.0,69037.0,167069.54,2.42,0.04,15299.58,14074.0,2,1,7,1,1,0,1,2
30.0,5000.0,100000.0,20.0,0.67,7296.97,1189.0,1,2,10,1,1,1,1,2
100.0,1250.0,89987.5,71.99,0.72,8143.19,362.0,1,9,9,5,1,0,3,3
100.0,2059.0,144130.0,70.0,0.7,3684.28,470.0,1,9,10,5,1,1,3,3
60.0,60000.0,154800.0,2.58,0.04,15322.73,9746.0,3,3,4,1,1,0,1,2
60.0,21225.0,72165.0,3.4,0.06,14336.95,2521.0,1,1,1,1,1,0,1,2
30.0,50000.0,600500.0,12.01,0.4,4060.54,3775.0,2,2,2,1,1,0,1,2
30.0,20867.0,32552.52,1.56,0.05,8403.67,1337.0,1,1,5,4,1,1,2,2
240.0,1716.0,3346.2,1.95,0.01,161712.87,16035.0,1,1,10,3,0,0,2,2
30.0,48.0,257.28,5.36,0.18,673.25,5.0,2,3,12,1,1,0,1,2
240.0,1222.0,2175.16,1.78,0.01,6380.09,825.0,1,1,2,3,1,0,2,2
100.0,45.0,7875.0,175.0,1.75,854.34,29.0,1,10,10,5,1,1,3,1
1.0,4156.0,101822.0,24.5,10.1678401865825,36502.8,2771.0,1,10,9,5,1,1,3,1
20.0,30.0,960.0,32.0,1.6,910.73,10.0,1,7,5,5,1,1,3,4
100.0,2814.0,225120.0,80.0,0.8,22746.62,1363.0,1,9,2,5,1,1,3,3
30.0,43065.0,128333.7,2.98,0.1,12336.45,8385.0,4,10,10,1,0,1,1,2
25.0,10000.0,200000.0,20.0,0.8,23623.43,3334.0,1,10,5,5,1,1,3,1
90.0,4000.0,61040.0,15.26,0.17,2951.12,481.0,1,1,2,4,1,0,2,2
60.0,5125.0,77080.0,15.04,0.25,3949.19,523.0,2,2,2,1,1,0,1,2
20.0,5.0,160.0,32.0,1.6,1225.17,3.0,1,7,3,5,1,1,3,4
60.0,40230.0,458622.0,11.4,0.19,30983.24,4531.0,3,1,4,1,1,0,1,2
30.0,151023.0416074603,715045.16,3.91,0.13,7317.47,17125.0,2,5,2,1,0,0,1,2
60.0,50000.0,170000.0,3.4,0.06,2938.92,2773.0,2,3,2,1,1,0,1,2
318.3236241491045,2000.0,70420.0,35.21,0.07,17170.07,1250.0,1,10,4,1,1,1,6,1
60.0,4000.0,35040.0,8.76,0.15,2458.26,263.0,1,3,12,1,1,0,1,2
20.0,3700.0,118400.0,32.0,1.6,18937.3,1265.0,1,7,6,5,1,1,3,4
60.0,39449.0,319536.9,8.1,0.13,20416.03,5714.0,1,4,12,1,1,1,1,2
100.0,3.0,417.0,139.0,1.39,1800.33,2.0,1,7,10,5,1,1,3,1
60.0,27900.0,225990.0,8.1,0.13,7238.46,3868.0,1,2,11,1,1,1,1,2
30.0,26798.0,448330.54,16.73,0.56,25231.96,3203.0,3,2,4,1,1,0,1,2
100.0,7690.0,76.9,0.01,0.0,23743.01,2278.0,1,9,6,5,1,1,4,2
100.0,11054.0,983806.0,89.0,0.89,67915.7,4495.0,1,6,4,5,1,1,3,3
1.0,4162.0,101969.0,24.5,10.1678401865825,34137.03,2777.0,1,10,15,5,1,1,3,1
60.0,2111.0,4918.63,2.33,0.04,1697.33,101.0,1,1,10,1,1,0,1,2
100.0,10000.0,80000.0,8.0,0.08,4856.14,400.0,1,9,15,5,1,1,4,3
60.0,4000.0,16000.0,4.0,0.07,2698.04,305.0,1,4,7,1,1,0,1,2
30.0,171.0,1453.5,8.5,0.28,2782.94,81.0,1,1,3,4,1,1,2,2
30.0,31680.0,147945.6,4.67,0.16,4263.08,2970.0,1,1,8,1,1,1,1,2
30.0,103.0,626.24,6.08,0.2,5636.3,1072.0,1,2,3,1,1,0,1,2
30.0,60000.0,630000.0,10.5,0.35,8217.8,8113.0,4,10,10,1,1,1,1,2
60.0,14428.0,20920.6,1.45,0.02,12974.12,3998.0,1,3,11,4,0,1,1,2
20.0,15.0,435.0,29.0,1.45,325.67,6.0,1,12,3,5,1,1,3,1
30.0,168.0,336.0,2.0,0.07,1021.34,8.0,1,10,12,4,1,1,2,2
60.0,1437.0,4167.3,2.9,0.05,1211.48,138.0,1,1,1,1,1,0,1,2
30.0,45608.0,192465.76,4.22,0.14,7664.01,5406.0,2,3,6,1,1,0,1,2
180.0,112.0,5600.0,50.0,0.28,1161.0,24.0,1,10,9,4,1,0,1,1
60.0,131607.0,1016006.04,7.72,0.13,36027.0,18750.0,3,2,4,1,0,0,1,2
120.0,22600.0,678000.0,30.0,0.25,24624.0,5734.0,4,1,1,1,1,1,1,2
60.0,4700.0,10951.0,2.33,0.04,15322.73,264.0,3,1,4,1,1,0,1,2
60.0,44716.0,101058.16,2.26,0.04,13770.65,5925.0,2,3,7,1,1,0,1,2
100.0,7982.0,710398.0,89.0,0.89,31382.03,2278.0,1,6,3,5,1,1,3,3
60.0,78460.0,119259.2,1.52,0.03,17910.0,5184.0,1,1,15,4,1,0,1,2
20.0,120.0,3840.0,32.0,1.6,1862.27,41.0,1,7,3,5,1,1,3,4
30.0,25000.0,275000.0,11.0,0.37,15128.37,2267.0,3,1,4,1,1,0,1,2
240.0,4000.0,5720.0,1.43,0.01,29216.84,2769.0,1,1,10,3,1,0,2,2
60.0,2590.0,55477.8,21.42,0.36,1211.48,257.0,1,2,1,1,1,0,1,2
100.0,200.0,14000.0,70.0,0.7,10486.42,45.0,1,9,3,5,1,1,3,3
60.0,19512.0,104974.56,5.38,0.09,15608.15,10589.0,2,4,7,1,1,0,1,2
30.0,20856.0,218988.0,10.5,0.35,4427.52,2959.0,1,3,11,1,1,1,1,2
30.0,105707.0,725150.02,6.86,0.23,7704.77,7092.0,4,4,8,1,1,1,1,2
240.0,132.0,1990.56,15.08,0.06,633.0,65.0,1,10,5,3,1,1,2,1
30.0,151023.0416074603,1132940.7905894185,10.52,0.35,24816.73,29560.519527155964,1,3,12,1,1,0,1,2
100.0,4300.0,309557.0,71.99,0.72,8690.26,979.0,1,9,2,5,1,1,3,3
30.0,10000.0,167300.0,16.73,0.56,6079.27,1133.0,2,2,2,1,1,0,1,2
30.0,54768.0,133633.92,2.44,0.08,10923.46,3237.0,4,1,8,4,1,1,2,2
60.0,6200.0,10850.0,1.75,0.03,4147.9,354.0,1,1,1,4,1,0,1,2
30.0,20993.0,97617.45,4.65,0.16,17568.6,2100.0,1,10,3,1,1,1,1,2
100.0,2953.0,236240.0,80.0,0.8,23273.76,1284.0,1,6,1,5,1,1,3,3
60.0,151023.0416074603,1132940.7905894185,8.26,0.14,30936.1,29560.519527155964,3,2,4,1,1,0,1,2
60.0,80.0,760.0,9.5,0.16,260.0,43.0,1,10,10,1,1,1,2,1
60.0,19836.0,167019.12,8.42,0.14,698.0,1820.0,4,1,8,1,1,1,1,2
60.0,8245.0,67609.0,8.2,0.14,7261.69,759.0,1,3,11,1,1,1,1,2
60.0,47390.0,277231.5,5.85,0.1,3833.17,7112.0,1,4,7,1,1,0,1,2
60.0,22008.0,189488.88,8.61,0.14,12793.94,2148.0,1,1,11,1,1,1,1,2
20.0,11500.0,310500.0,27.0,1.35,43664.71,3276.0,1,12,4,5,1,1,3,1
20.0,50.0,1350.0,27.0,1.35,378.6,18.0,1,12,3,5,1,1,3,1
60.0,23003.0,50836.63,2.21,0.04,11346.48,1483.0,1,3,11,1,1,1,1,2
30.0,100000.0,735000.0,7.35,0.24,50030.37,9369.0,1,1,2,1,1,1,1,2
1.0,2988.0,73206.0,24.5,10.1678401865825,26266.34,1992.0,1,10,9,5,1,1,3,1
60.0,23845.0,356005.85,14.93,0.25,3649.67,2283.0,4,1,8,1,1,1,1,2
60.0,2890.0,5751.1,1.99,0.03,4120.69,168.0,2,3,6,1,1,0,1,2
180.0,3027.0,28756.5,9.5,0.05,25563.0,9248.0,1,10,1,3,1,0,2,1
30.0,4332.0,53803.44,12.42,0.41,1890.76,338.0,1,2,2,1,1,0,1,2
318.3236241491045,120.0,4603.2,38.36,0.11,2204.08,298.0,1,11,9,4,1,1,1,1
60.0,29980.0,233244.4,7.78,0.13,27441.22,2721.0,3,2,4,1,1,0,1,2
100.0,915.0,91500.0,100.0,1.0,11941.94,439.0,1,9,3,5,1,1,3,3
60.0,696.0,1621.68,2.33,0.04,1002.59,33.0,1,1,3,1,1,0,1,2
30.0,6020.0,39551.4,6.57,0.22,3935.92,542.0,1,1,15,1,1,0,1,2
60.0,35300.0,309228.0,8.76,0.15,11637.64,3190.0,3,1,4,1,1,0,1,2
60.0,31932.0,358277.04,11.22,0.19,56372.66,13087.0,1,1,12,1,0,0,1,2
240.0,3000.0,6300.0,2.1,0.01,5971.13,1152.0,2,1,1,3,1,0,2,2
60.0,151023.0416074603,1132940.7905894185,8.26,0.14,19248.7,27953.0,2,3,12,1,1,0,1,2
20.0,140.0,3780.0,27.0,1.35,447.73,38.0,1,12,15,5,1,1,3,1
270.0,23.0,1808.72,78.64,0.29,10137.04,2143.0,1,10,1,4,0,0,1,1
100.0,2744.0,244216.0,89.0,0.89,28734.43,1303.0,1,6,4,5,1,1,3,3
30.0,88289.0,610076.99,6.91,0.23,5460.48,7540.0,4,1,8,1,1,1,1,2
60.0,12762.0,140382.0,11.0,0.18,55175.61,11441.0,2,2,12,1,0,0,1,2
30.0,8438.0,82017.36,9.72,0.32,1588.05,1404.0,2,1,6,1,1,0,1,2
30.0,24042.0,145934.94,6.07,0.2,3300.95,2006.0,2,2,5,1,1,0,1,2
60.0,105160.0,1132940.7905894185,11.22,0.19,21326.73,28277.0,3,1,4,1,1,0,1,2
60.0,228.0,1504.8,6.6,0.11,973.48,21.0,1,1,3,1,1,0,1,2
30.0,2000.0,100800.0,50.4,1.68,924.4,169.0,1,10,4,1,1,1,1,1
30.0,61123.0,658905.94,10.78,0.36,14311.0,8281.0,2,3,9,1,1,0,1,2
60.0,2316.0,19801.8,8.55,0.14,2294.85,386.0,1,3,12,1,1,0,1,2
240.0,691.0,1451.1,2.1,0.01,1222.31,437.0,1,1,11,3,0,1,2,2
60.0,3900.0,7215.0,1.85,0.03,3740.01,321.0,1,10,1,1,1,1,2,2
180.0,4200.0,71232.0,16.96,0.09,2786.22,1234.0,1,10,1,3,1,1,2,1
60.0,10000.0,102500.0,10.25,0.17,3179.0,980.0,1,1,1,1,1,0,1,2
30.0,3273.0,44250.96,13.52,0.45,2786.61,389.0,1,10,12,1,1,0,1,2
318.3236241491045,44.0,1687.84,38.36,0.11,985.78,116.0,1,11,12,4,1,1,1,1
30.0,7051.0,98431.96,13.96,0.47,8699.8,1600.0,1,2,12,1,0,0,1,2
240.0,10.0,19.9,1.99,0.01,1334.92,71.0,1,1,3,3,1,0,2,2
20.0,750.0,24000.0,32.0,1.6,6654.24,248.0,1,7,3,5,1,1,3,4
20.0,11.0,352.0,32.0,1.6,578.73,5.0,1,7,3,5,1,1,3,4
120.0,3812.0,231845.84,60.82,0.51,3216.15,824.0,1,8,11,1,1,1,1,1
30.0,13823.0,248814.0,18.0,0.6,10743.33,1805.0,1,10,9,1,1,1,1,2
30.0,11517.0,37315.08,3.24,0.11,3001.35,1006.0,1,3,11,1,1,1,1,2
30.0,414.0,11426.4,27.6,0.92,694.1,44.0,1,12,3,5,1,1,3,1
30.0,35357.0,150620.82,4.26,0.14,7292.27,2806.0,4,1,8,1,1,1,1,2
60.0,632.0,8216.0,13.0,0.22,8334.77,4669.0,1,2,11,1,1,1,1,2
20.0,73.0,2336.0,32.0,1.6,3918.37,508.0,1,7,3,5,0,1,3,4
60.0,780.0,5343.0,6.85,0.11,1743.84,102.0,1,8,1,1,1,1,1,1
60.0,11216.0,127301.6,11.35,0.19,13293.41,1894.0,1,1,12,1,1,0,1,2
30.0,43657.0,180303.41,4.13,0.14,35499.58,3720.0,1,3,9,1,1,1,1,2
50.0,80.0,99402.4,231.81862644109202,10.1678401865825,1368.78,111.0,1,10,6,5,1,1,3,1
84.0,760.0,7288.4,9.59,0.11,8118.64,5092.0,1,11,6,4,0,0,1,1
240.0,800.0,6800.0,8.5,0.04,2282.79,297.0,2,1,9,3,1,0,2,2
20.0,41.0,1312.0,32.0,1.6,3918.37,508.0,1,7,3,5,0,1,3,4
120.0,11193.0,226322.46,20.22,0.17,33986.07,2518.0,2,8,9,1,1,0,1,1
3.0,10.0,250.0,25.0,8.33,322.12,6.0,1,10,3,5,1,1,4,1
60.0,2454.0,8343.6,3.4,0.06,4401.4,231.0,1,1,4,1,1,0,1,2
60.0,46.0,472.88,10.28,0.17,893.22,10.0,1,8,10,1,1,1,2,2
25.0,8000.0,160000.0,20.0,0.8,17773.94,2667.0,1,10,5,5,1,1,3,1
30.0,50000.0,600500.0,12.01,0.4,8231.95,4247.0,2,2,2,1,0,0,1,2
30.0,30000.0,352500.0,11.75,0.39,6147.18,2700.0,3,2,4,1,1,0,1,2
25.0,3700.0,75850.0,20.5,0.82,13222.33,1281.0,1,10,1,5,1,1,3,1
30.0,21384.0,217047.6,10.15,0.34,4219.32,2406.0,1,2,11,1,1,1,1,2
60.0,22240.0,164576.0,7.4,0.12,7364.52,2262.0,1,4,7,1,1,0,1,2
60.0,12488.0,101777.2,8.15,0.14,3314.03,1846.0,1,1,11,1,1,1,1,2
100.0,2400.0,230400.0,96.0,0.96,10159.15,978.0,1,6,3,5,1,1,3,3
60.0,30000.0,313500.0,10.45,0.17,17392.05,10210.0,1,1,11,1,1,1,1,2
20.0,15000.0,480000.0,32.0,1.6,36219.03,4956.0,1,7,3,5,1,1,3,4
60.0,638.0,1212.2,1.9,0.03,747.76,45.0,1,4,12,1,1,0,2,2
240.0,367.0,734.0,2.0,0.01,2038.97,161.0,1,1,3,3,1,1,2,2
60.0,63200.0,347600.0,5.5,0.09,23397.41,4007.0,1,3,5,1,1,1,1,2
240.0,8000.0,15600.0,1.95,0.01,2779.53,2987.0,2,1,6,3,1,0,2,2
60.0,151023.0416074603,347107.02,2.21,0.04,12757.0,15302.0,2,10,9,1,1,0,1,2
240.0,30000.0,58500.0,1.95,0.01,33216.14,11101.0,1,1,15,3,1,0,2,2
318.3236241491045,12.0,2478.12,206.51,0.61,4042.47,51.0,1,11,11,4,1,1,1,1
100.0,1000.0,80000.0,80.0,0.8,2682.47,341.0,1,10,4,5,1,1,3,3
20.0,40.0,1080.0,27.0,1.35,269.98,14.0,1,12,3,5,1,1,3,1
60.0,61920.0,542419.2,8.76,0.15,8815.65,5334.0,1,3,1,1,1,0,1,2
30.0,19152.0,124488.0,6.5,0.22,11884.14,1503.0,1,2,11,1,1,1,1,2
60.0,6376.0,44759.52,7.02,0.12,889.94,639.0,2,3,2,1,1,0,1,2
60.0,60678.0,491491.8,8.1,0.13,28304.85,8402.0,1,2,12,1,1,1,1,2
318.3236241491045,1070.0,25680.0,24.0,0.02,5914.0,902.0,1,10,3,1,1,1,5,2
30.0,720.0,14342.4,19.92,0.66,2305.65,79.0,1,2,12,1,1,0,1,2
60.0,20000.0,46600.0,2.33,0.04,17090.0,2238.0,3,1,4,1,1,0,1,2
120.0,15826.0,299111.4,18.9,0.16,29674.92,3814.0,3,8,4,1,1,0,1,1
90.0,1064.0,17024.0,16.0,0.18,944.21,128.0,1,1,2,4,1,0,2,2
100.0,30.0,10500.0,231.81862644109202,3.5,2556.61,72.0,1,10,10,5,1,1,3,1
240.0,2468.0,7231.24,2.93,0.01,650.81,907.0,1,1,9,3,1,1,2,2
60.0,33650.0,187767.0,5.58,0.09,5816.46,6904.0,2,1,6,1,1,0,1,2
20.0,3401.0,98629.0,29.0,1.45,10191.28,972.0,1,12,4,5,1,1,3,1
120.0,3524.0,87254.24,24.76,0.21,14368.65,3264.0,2,2,1,1,1,0,1,2
30.0,3000.0,59760.0,19.92,0.66,9736.1,329.0,3,2,4,1,1,0,1,2
120.0,100.0,1864.0,18.64,0.16,632.63,21.0,1,8,3,1,1,0,1,1
30.0,4000.0,22000.0,5.5,0.18,2333.91,372.0,2,1,1,1,1,0,1,2
60.0,858.0,1329.9,1.55,0.03,7363.73,58.0,2,1,4,4,1,0,1,2
60.0,13660.0,49176.0,3.6,0.06,1871.34,849.0,3,2,4,1,1,0,2,2
60.0,1350.0,12825.0,9.5,0.16,739.0,80.0,1,1,12,1,1,0,1,2
30.0,76097.0,506045.05,6.65,0.22,6121.41,7105.0,4,1,8,1,1,1,1,2
100.0,4000.0,400000.0,100.0,1.0,15230.88,1623.0,1,6,10,5,1,1,3,3
100.0,1000.0,72000.0,72.0,0.72,3791.81,324.0,1,9,7,5,1,1,3,3
60.0,60840.0,693576.0,11.4,0.19,33279.39,7663.0,1,2,4,1,1,0,1,2
60.0,110.0,753.5,6.85,0.11,1046.02,43.0,1,8,9,1,1,1,1,1
240.0,4000.0,8400.0,2.1,0.01,16163.28,1587.0,1,1,10,3,1,0,2,2
30.0,13373.0,52288.43,3.91,0.13,7964.24,816.0,1,5,12,1,1,0,1,2
30.0,3912.0,88020.0,22.5,0.75,15022.74,1320.0,1,10,9,5,1,1,3,1
120.0,111.0,3996.0,36.0,0.3,330.0,24.0,1,10,12,1,1,1,1,1
60.0,6750.0,75802.5,11.23,0.19,17647.73,4919.0,2,1,1,1,1,0,1,2
30.0,4000.0,68000.0,17.0,0.57,11931.0,265.0,1,10,9,1,1,0,1,1
240.0,127.0,243.84,1.92,0.01,740.34,46.0,1,1,12,3,1,0,2,2
100.0,2730.0,218400.0,80.0,0.8,17657.02,1184.0,1,6,2,5,1,1,3,3
60.0,1926.0,16409.52,8.52,0.14,977.55,105.0,1,10,1,1,1,0,1,2
30.0,6377.0,29971.9,4.7,0.16,4730.18,833.0,2,3,1,1,1,0,1,2
60.0,6385.0,15579.4,2.44,0.04,1762.5,327.0,1,1,9,1,1,0,1,2
120.0,12560.0,516216.0,41.1,0.34,12815.42,3073.0,1,8,5,1,1,1,1,1
100.0,2450.0,176400.0,72.0,0.72,21170.3,1183.0,1,9,7,5,1,1,3,3
25.0,10000.0,200000.0,20.0,0.8,23650.43,3335.0,1,10,5,5,1,1,3,1
30.0,25000.0,134000.0,5.36,0.18,18461.22,5897.0,1,3,4,1,1,0,1,2
100.0,670.0,3015.0,4.5,0.04,1921.02,76.0,1,1,1,4,1,1,2,2
60.0,46.0,1200.14,26.09,0.43,986.79,3.0,1,10,12,4,1,1,2,2
240.0,60000.0,601200.0,10.02,0.04,27372.24,22956.0,1,10,8,3,1,1,2,1
100.0,3000.0,240000.0,80.0,0.8,25760.94,1428.0,1,6,2,5,1,1,3,3
30.0,2800.0,9800.0,3.5,0.12,1593.67,953.0,1,3,11,1,1,1,1,2
100.0,1000.0,71990.0,71.99,0.72,2648.82,296.0,1,9,6,5,1,1,3,3
100.0,6500.0,520000.0,80.0,0.8,30778.29,2634.0,1,6,1,5,1,1,3,3
60.0,2180.0,6997.8,3.21,0.05,5881.57,242.0,1,1,11,1,1,1,1,2
60.0,52378.0,404358.16,7.72,0.13,16532.5,7666.0,3,4,4,1,1,0,1,2
30.0,34560.0,161395.2,4.67,0.16,4263.07,3240.0,1,1,8,1,1,1,1,2
30.0,22232.0,225654.8,10.15,0.34,4363.06,2510.0,1,2,11,1,1,1,1,2
120.0,1110.0,45621.0,41.1,0.34,1603.0,222.0,1,8,1,1,1,0,1,1
60.0,151023.0416074603,736966.8,3.6,0.06,22059.25,11430.0,4,2,7,1,1,1,2,2
60.0,10000.0,36000.0,3.6,0.06,3989.81,558.0,1,2,9,1,1,0,2,2
30.0,4.0,18.44,4.61,0.15,69737.0,29560.519527155964,3,10,4,1,1,0,1,2
20.0,3140.0,100480.0,32.0,1.6,10304.62,1024.0,1,7,3,5,1,1,3,4
60.0,48821.0,547771.62,11.22,0.19,27441.22,6949.0,3,2,4,1,1,0,1,2
30.0,5010.0,48697.2,9.72,0.32,1854.88,434.0,1,1,1,1,1,0,1,2
30.0,3318.0,56406.0,17.0,0.57,9869.55,9006.0,1,10,6,1,0,0,1,1
60.0,15000.0,219450.0,14.63,0.24,8510.81,1677.0,2,2,2,1,1,0,1,2
240.0,4000.0,7440.0,1.86,0.01,8050.55,1928.0,1,1,1,3,1,0,2,2
30.0,656.0,17220.0,26.25,0.88,794.22,58.0,1,10,12,1,1,0,1,1
60.0,71568.0,787248.0,11.0,0.18,55175.61,11441.0,2,5,12,1,1,0,1,2
30.0,112595.0,728489.65,6.47,0.22,9972.68,7991.0,4,4,8,1,1,1,1,2
60.0,76000.0,541120.0,7.12,0.12,1799.88,5597.0,2,5,6,1,1,0,1,2
300.0,30.0,924.6,30.82,0.1,460.9,56.0,1,11,3,3,1,1,2,1
60.0,18216.0,40986.0,2.25,0.04,6757.18,1863.0,1,1,12,1,1,1,1,2
60.0,21000.0,30450.0,1.45,0.02,11915.51,1516.0,1,3,11,4,1,1,1,2
90.0,210.0,3360.0,16.0,0.18,997.46,26.0,1,1,10,4,1,0,2,2
30.0,611.0,8260.72,13.52,0.45,1335.15,55.0,2,2,1,1,1,0,1,2
1.0,6998.0,160954.0,23.0,10.1678401865825,44347.71,5057.0,1,10,15,5,1,1,3,1
60.0,629.0,8271.35,13.15,0.22,1618.12,67.0,1,1,9,1,1,0,1,2
60.0,40869.0,92363.94,2.26,0.04,15000.0,2520.0,2,3,7,1,1,0,1,2
60.0,30666.0,67771.86,2.21,0.04,11085.83,1878.0,2,3,9,1,1,0,1,2
20.0,3982.0,107514.0,27.0,1.35,7303.25,1445.0,1,12,15,5,1,1,3,1
20.0,43.0,1376.0,32.0,1.6,406.68,15.0,1,7,15,5,1,1,3,4
60.0,51722.0,278264.36,5.38,0.09,16064.09,9134.0,2,4,7,1,1,0,1,2
240.0,50000.0,103000.0,2.06,0.01,22647.81,18462.0,4,4,8,3,1,1,2,2
30.0,18000.0,360000.0,20.0,0.67,1832.54,2402.0,1,2,9,1,1,1,1,2
30.0,40534.0,190509.8,4.7,0.16,9708.48,3749.0,2,10,7,1,1,0,1,2
30.0,1461.0,29950.5,20.5,0.68,1664.12,29560.519527155964,1,1,1,1,1,1,1,2
20.0,1400.0,44800.0,32.0,1.6,5061.46,500.0,1,7,3,5,1,1,3,4
60.0,672.0,940.8,1.4,0.02,1701.1,32.0,1,5,11,4,1,1,1,2
30.0,30000.0,123900.0,4.13,0.14,14589.33,2957.0,1,3,11,1,1,1,1,2
300.0,20.0,1216.4,60.82,0.2,1152.9,52.0,1,11,3,3,1,1,2,1
60.0,3850.0,5390.0,1.4,0.02,2936.8,230.0,1,1,10,4,1,0,1,2
60.0,29847.0,70140.45,2.35,0.04,6475.64,1403.0,1,5,11,1,1,1,1,2
60.0,33022.0,268468.86,8.13,0.14,16066.92,4190.0,1,1,5,1,1,1,1,2
60.0,20000.0,75000.0,3.75,0.06,5055.8,1920.0,1,5,7,1,1,0,2,2
30.0,64260.0,289812.6,4.51,0.15,630.5,5623.0,4,1,8,1,1,1,1,2
60.0,43.0,100.19,2.33,0.04,91.42,2.0,1,3,3,1,1,0,1,2
100.0,110.0,15290.0,139.0,1.39,1953.6,78.0,1,7,10,5,1,1,3,1
30.0,1883.0,31069.5,16.5,0.55,4436.76,752.0,1,10,9,5,1,0,3,1
60.0,1907.0,29558.5,15.5,0.26,1042.58,395.0,1,1,1,1,1,0,2,2
60.0,8800.0,52272.0,5.94,0.1,10334.23,1485.0,1,8,3,1,1,1,2,2
100.0,3038.0,243040.0,80.0,0.8,19517.12,1259.0,1,6,2,5,1,1,3,3
60.0,1629.0,5978.43,3.67,0.06,912.45,152.0,1,1,7,1,1,0,1,2
60.0,92950.0,669240.0,7.2,0.12,7534.18,6883.0,1,5,6,1,1,0,1,2
30.0,53787.0,697079.52,12.96,0.43,42040.3,6342.0,2,4,2,1,1,0,1,2
60.0,15862.0,128640.82,8.11,0.14,5445.73,1851.0,2,1,9,1,1,0,1,2
30.0,1244.0,17540.4,14.1,0.47,5864.56,175.0,1,2,3,1,1,1,1,2
30.0,45632.0,210819.84,4.62,0.15,22271.36,4539.0,1,3,3,1,1,1,1,2
60.0,60000.0,495600.0,8.26,0.14,28864.27,8750.0,2,3,1,1,1,0,1,2
60.0,151023.0416074603,459306.38,2.47,0.04,13677.68,9019.0,4,5,8,1,1,1,1,2
60.0,151023.0416074603,1132940.7905894185,8.97,0.15,7733.77,25666.0,2,3,6,1,1,0,1,2
180.0,4077.0,69186.69,16.97,0.09,4963.0,1554.0,1,10,1,3,1,0,2,1
60.0,85158.0,909487.44,10.68,0.18,33572.78,8169.0,1,1,2,1,1,0,1,2
100.0,6302.0,630200.0,100.0,1.0,21256.43,2557.0,1,6,10,5,1,1,3,3
20.0,179.0,5728.0,32.0,1.6,2147.11,63.0,1,7,3,5,1,1,3,4
240.0,24496.0,47767.2,1.95,0.01,6483.81,9080.0,2,1,6,3,1,0,2,2
300.0,746.0,30660.6,41.1,0.14,1566.21,88.0,1,11,2,3,1,0,2,1
30.0,2000.0,20000.0,10.0,0.33,1905.63,168.0,1,2,12,1,1,0,1,2
60.0,10776.0,77694.96,7.21,0.12,8045.76,586.0,2,1,2,1,1,0,1,2
60.0,1400.0,3052.0,2.18,0.04,3644.18,4355.0,2,5,6,1,1,0,1,2
60.0,735.0,1073.1,1.46,0.02,955.36,47.0,1,1,6,4,1,0,1,2
20.0,500.0,16000.0,32.0,1.6,2442.32,500.0,1,7,3,5,1,1,3,4
100.0,6636.0,530880.0,80.0,0.8,11163.27,1036.0,1,9,3,5,1,1,3,3
60.0,120000.0,1026000.0,8.55,0.14,12049.4,11057.0,2,1,2,1,1,0,1,2
30.0,82981.0,776702.16,9.36,0.31,14760.6,6683.0,4,3,9,1,1,1,1,2
60.0,34769.0,304576.44,8.76,0.15,1005.2,4176.0,1,3,10,1,1,0,1,2
240.0,1547.0,2970.24,1.92,0.01,1234.9,581.0,1,1,1,3,1,0,2,2
60.0,75000.0,525000.0,7.0,0.12,14547.55,7515.0,3,1,4,1,1,0,1,2
60.0,151023.0416074603,347600.0,2.2,0.04,68350.52,9832.0,3,5,7,1,1,1,1,2
60.0,70030.0,513319.9,7.33,0.12,17919.41,3534.0,4,1,8,1,1,1,1,2
30.0,11990.0,287760.0,24.0,0.8,28620.81,3997.0,1,10,5,5,1,1,3,1
60.0,9275.0,13448.75,1.45,0.02,7444.35,432.0,1,5,11,4,1,1,1,2
30.0,5000.0,23200.0,4.64,0.15,28812.57,1447.0,3,10,4,1,1,0,1,2
60.0,75000.0,841500.0,11.22,0.19,22878.26,10746.0,2,2,1,1,1,0,1,2
60.0,33571.0,75870.46,2.26,0.04,37242.5,12785.0,3,3,4,1,1,0,1,2
60.0,500.0,1450.0,2.9,0.05,1096.71,26.0,1,1,12,1,1,0,1,2
60.0,16300.0,181745.0,11.15,0.19,11648.31,2011.0,1,1,11,1,1,1,1,2
60.0,253.0,442.75,1.75,0.03,460.0,15.0,1,1,4,4,1,0,1,2
60.0,100000.0,1122000.0,11.22,0.19,78442.21,14983.0,2,2,12,1,1,0,1,2
60.0,5525.0,60775.0,11.0,0.18,4054.19,1414.0,2,2,12,1,1,0,1,2
60.0,54096.0,473880.96,8.76,0.15,9736.1,4660.0,3,3,4,1,1,0,1,2
30.0,50000.0,100000.0,2.0,0.07,8405.91,3584.0,1,4,6,1,1,0,1,2
20.0,70.0,2240.0,32.0,1.6,3918.37,508.0,1,7,3,5,1,1,3,4
30.0,6200.0,71238.0,11.49,0.38,3548.81,701.0,4,2,3,1,1,1,1,2
30.0,21203.0,68697.72,3.24,0.11,4532.44,2471.0,4,4,10,1,1,1,1,2
60.0,9243.0,235234.35,25.45,0.42,2233.61,936.0,2,1,5,1,1,0,1,2
120.0,28000.0,862960.0,30.82,0.26,46002.44,7025.0,1,8,1,1,1,1,1,1
60.0,2780.0,25993.0,9.35,0.16,2426.8,262.0,1,1,4,1,1,0,1,2
60.0,229.0,2445.72,10.68,0.18,13873.0,2846.0,1,1,4,1,0,0,1,2
30.0,8400.0,85596.0,10.19,0.34,3247.73,613.0,1,2,11,1,1,1,1,2
240.0,26200.0,48732.0,1.86,0.01,12803.35,5343.0,2,1,6,3,1,0,2,2
60.0,151023.0416074603,407322.76,2.47,0.04,12225.76,8048.0,4,5,8,1,1,1,1,2
25.0,33.0,2475.0,75.0,3.0,238.56,25.0,1,12,3,5,1,1,3,1
100.0,70.0,5039.3,71.99,0.72,515.48,16.0,1,9,1,5,1,1,3,3
60.0,9476.0,90022.0,9.5,0.16,4207.4,1008.0,1,1,5,1,1,0,1,2
60.0,26432.0,63965.44,2.42,0.04,10915.97,1499.0,2,3,12,1,1,0,1,2
60.0,11188.0,132018.4,11.8,0.2,9138.0,1435.0,1,2,15,1,1,0,1,2
120.0,646.0,12480.72,19.32,0.16,737.11,166.0,1,8,10,1,1,1,1,1
240.0,1622.0,10056.4,6.2,0.03,13873.0,2846.0,1,1,4,3,0,0,2,2
30.0,82500.0,565950.0,6.86,0.23,7378.63,5624.0,4,4,8,1,1,1,1,2
240.0,3500.0,6650.0,1.9,0.01,4329.01,1208.0,1,1,1,3,1,0,2,2
60.0,28512.0,304508.16,10.68,0.18,13820.4,2630.0,1,1,5,1,1,0,1,2
25.0,10000.0,200000.0,20.0,0.8,28837.28,3336.0,1,10,5,5,1,1,3,1
60.0,75535.0,492488.2,6.52,0.11,5443.53,6237.0,2,2,6,1,1,0,1,2
25.0,10000.0,200000.0,20.0,0.8,45032.55,3334.0,1,10,5,5,1,1,3,1
100.0,5000.0,400000.0,80.0,0.8,43848.04,2384.0,1,6,6,5,1,1,3,3
60.0,298.0,685.4,2.3,0.04,304.62,21.0,1,4,10,1,1,1,2,2
60.0,28168.0,232667.68,8.26,0.14,6025.73,318.0,2,10,6,1,1,0,1,2
60.0,54470.0,120378.7,2.21,0.04,9527.17,3360.0,2,3,2,1,1,0,1,2
60.0,9200.0,52716.0,5.73,0.1,2633.57,668.0,1,5,15,1,1,0,1,2
30.0,7441.0,61239.43,8.23,0.27,4376.56,656.0,2,2,12,1,1,0,1,2
20.0,5.0,135.0,27.0,1.35,283.21,1.0,1,12,3,5,1,1,3,1
60.0,15000.0,35700.0,2.38,0.04,2949.1,780.0,1,1,15,1,1,1,1,2
270.0,1000.0,164620.0,164.62,0.61,7828.28,254.0,1,10,11,1,1,1,1,1
300.0,630.0,25893.0,41.1,0.14,4522.03,83.0,1,11,2,3,1,0,2,1
270.0,252.0,19817.28,78.64,0.29,14182.54,1736.0,1,10,1,4,1,0,1,1
60.0,5000.0,177500.0,35.5,0.59,1684.15,239.0,1,1,2,1,1,0,1,2
60.0,120.0,6660.0,55.5,0.92,260.0,11.0,1,10,10,1,1,1,1,1
90.0,604.0,9664.0,16.0,0.18,723.59,72.0,1,1,2,4,1,0,2,2
60.0,58086.0,551817.0,9.5,0.16,9001.03,8343.0,1,1,5,1,1,0,1,2
90.0,680.0,10376.8,15.26,0.17,17384.76,10681.0,2,1,2,4,0,0,2,2
90.0,409.0,13251.6,32.4,0.36,348.09,45.0,1,10,6,4,1,0,2,1
120.0,220.0,9042.0,41.1,0.34,1359.4,50.0,1,8,12,1,1,0,1,1
240.0,14668.0,30802.8,2.1,0.01,7876.44,5511.0,1,1,12,3,1,0,2,2
60.0,9000.0,67500.0,7.5,0.12,3205.0,992.0,1,4,1,1,1,0,1,2
30.0,73467.0,340886.88,4.64,0.15,26620.36,17317.0,2,3,9,1,1,0,1,2
60.0,12000.0,102960.0,8.58,0.14,20225.07,1749.0,3,4,4,1,1,0,1,2
60.0,12080.0,23556.0,1.95,0.03,12867.46,10314.0,2,10,7,1,1,0,2,2
100.0,8276.0,736564.0,89.0,0.89,23226.6,2050.0,1,9,3,5,1,1,3,3
60.0,32920.0,76703.6,2.33,0.04,16868.38,18057.0,2,3,2,1,1,0,1,2
60.0,4000.0,30880.0,7.72,0.13,36027.0,18750.0,3,4,4,1,1,0,1,2
60.0,6398.0,14459.48,2.26,0.04,26340.0,394.0,3,1,4,1,1,0,2,2
30.0,38584.0,60191.04,1.56,0.05,21807.62,2773.0,1,1,3,4,1,1,2,2
60.0,1060.0,4028.0,3.8,0.06,1211.48,56.0,1,5,1,1,1,0,1,2
180.0,3355.0,56900.8,16.96,0.09,2530.73,1006.0,1,10,1,3,1,1,2,1
30.0,2832.0,13650.24,4.82,0.16,1984.83,159.0,2,2,1,1,1,0,1,2
240.0,5110.0,9862.3,1.93,0.01,14866.14,1840.0,1,1,10,3,1,0,2,2
60.0,9312.0,21417.6,2.3,0.04,4847.8,1221.0,2,4,5,1,1,0,2,2
120.0,4951.0,406972.2,82.2,0.68,8108.91,1232.0,1,8,11,1,1,1,1,1
60.0,2070.0,2898.0,1.4,0.02,1653.99,176.0,1,1,1,4,1,0,1,2
30.0,3696.0,24948.0,6.75,0.22,4885.33,314.0,1,2,11,1,1,1,1,2
60.0,72107.0,707369.67,9.81,0.16,81100.77,9348.0,1,2,12,1,1,0,1,2
60.0,100000.0,1122000.0,11.22,0.19,43548.0,29560.519527155964,3,2,4,1,0,0,1,2
60.0,3300.0,146850.0,44.5,0.74,10137.04,2143.0,1,10,1,1,1,0,1,1
30.0,38890.0,304119.8,7.82,0.26,3908.55,2649.0,1,4,8,1,1,1,1,2
20.0,700.0,22400.0,32.0,1.6,6862.01,236.0,1,7,3,5,1,1,3,4
240.0,650.0,2567.5,3.95,0.02,478.51,193.0,1,1,6,3,1,0,2,2
90.0,25000.0,204250.0,8.17,0.09,4689.6,3313.0,4,1,8,4,1,1,2,2
30.0,2816.0,15488.0,5.5,0.18,1474.9,231.0,1,1,3,1,1,0,1,2
30.0,336.0,1596.0,4.75,0.16,9736.1,30.0,3,1,4,1,1,0,1,2
60.0,2296.0,34440.0,15.0,0.25,17941.46,17126.0,1,1,1,1,1,0,2,2
30.0,25913.0,434042.75,16.75,0.56,9869.55,9006.0,1,4,6,1,0,0,1,2
60.0,9023.0,21925.89,2.43,0.04,18473.57,5359.0,1,3,11,1,1,1,1,2
60.0,4000.0,13600.0,3.4,0.06,3302.14,632.0,2,4,7,1,1,0,1,2
120.0,14498.0,487132.8,33.6,0.28,16359.2,3685.0,1,1,15,1,1,1,1,2
30.0,2160.0,11880.0,5.5,0.18,6009.47,1122.0,2,2,1,1,1,0,1,2
60.0,25281.0,288203.4,11.4,0.19,9341.49,2847.0,3,1,4,1,1,0,1,2
1.0,215.0,1075.0,5.0,5.0,1001.02,41.0,1,6,6,5,1,1,4,3
60.0,487.0,3540.49,7.27,0.12,12862.56,1283.0,1,1,3,1,0,0,1,2
60.0,67.0,156.11,2.33,0.04,491.42,4.0,1,3,3,1,1,0,1,2
30.0,72300.0,240759.0,3.33,0.11,18607.76,4392.0,2,5,1,1,1,0,1,2
30.0,19356.0,261112.44,13.49,0.45,7009.0,1960.0,3,2,4,1,1,0,1,2
60.0,3600.0,6480.0,1.8,0.03,2612.79,216.0,1,3,10,1,1,1,1,2
60.0,4245.0,40327.5,9.5,0.16,1134.5,833.0,1,10,1,1,1,1,2,1
30.0,72029.0,303962.38,4.22,0.14,28541.79,7682.0,1,2,3,1,1,0,1,2
60.0,57984.0,135102.72,2.33,0.04,7317.47,3144.0,2,3,2,1,1,0,1,2
100.0,33.0,3223.44,97.68,0.98,1011.6,8.0,1,9,10,5,1,1,3,3
60.0,1080.0,1890.0,1.75,0.03,8787.28,4668.0,1,1,1,4,1,0,1,2
60.0,100000.0,858000.0,8.58,0.14,49199.75,29560.519527155964,3,4,4,1,1,0,1,2
60.0,5360.0,14579.2,2.72,0.05,5824.11,583.0,4,4,8,1,1,1,1,2
30.0,4032.0,13426.56,3.33,0.11,4385.44,336.0,1,1,3,1,1,0,1,2
60.0,4250.0,34170.0,8.04,0.13,1488.99,424.0,1,1,12,1,1,1,2,2
20.0,8000.0,256000.0,32.0,1.6,14581.51,2328.0,1,7,2,5,1,1,3,4
90.0,2066.0,33056.0,16.0,0.18,1448.2,236.0,1,1,2,4,1,0,2,2
240.0,11628.0,34884.0,3.0,0.01,2154.52,4382.0,1,1,8,3,1,1,2,2
240.0,1951.0,4097.1,2.1,0.01,161712.87,16035.0,1,1,10,3,0,0,2,2
60.0,32017.0,124866.3,3.9,0.06,3210.18,2353.0,1,2,2,1,1,0,1,2
30.0,43563.0,145064.79,3.33,0.11,28602.94,4122.0,1,10,6,1,1,0,1,2
30.0,2894.0,3617.5,1.25,0.04,12749.39,1486.0,1,1,10,1,1,1,2,2
20.0,286.0,9152.0,32.0,1.6,1088.93,88.0,1,7,6,5,1,1,3,4
100.0,4484.0,358720.0,80.0,0.8,21689.39,1948.0,1,6,3,5,1,1,3,3
30.0,80.0,440.0,5.5,0.18,3549.9,841.0,2,2,5,1,1,0,1,2
30.0,68235.0,1132940.7905894185,19.92,0.66,2094.34,83.0,2,2,5,1,1,0,1,2
60.0,3968.0,61504.0,15.5,0.26,8815.65,842.0,1,1,1,1,1,0,2,2
60.0,24765.0,200844.15,8.11,0.14,11438.93,2751.0,2,5,1,1,1,0,1,2
20.0,427.0,13664.0,32.0,1.6,3165.69,149.0,1,7,6,5,1,1,3,4
120.0,16695.0,562621.5,33.7,0.28,30130.82,4113.0,1,8,1,1,1,1,1,1
60.0,579.0,3966.15,6.85,0.11,1393.29,103.0,1,8,12,1,1,1,1,1
1.0,2072.0,50764.0,24.5,10.1678401865825,18323.97,1383.0,1,10,9,5,1,1,3,1
20.0,2500.0,80000.0,32.0,1.6,8101.57,844.0,1,7,15,5,1,1,3,4
60.0,3180.0,25917.0,8.15,0.14,1593.48,182.0,2,1,7,1,1,0,1,2
60.0,2548.0,38321.92,15.04,0.25,361.73,257.0,2,2,2,1,1,0,1,2
30.0,100000.0,1132940.7905894185,26.25,0.88,11519.94,29560.519527155964,2,10,2,1,1,0,1,1
20.0,873.0,27936.0,32.0,1.6,6318.92,296.0,1,7,9,5,1,1,3,4
60.0,4725.0,7182.0,1.52,0.03,12508.65,1154.0,1,1,10,4,1,0,1,2
100.0,1500.0,107985.0,71.99,0.72,9479.89,340.0,1,9,9,5,1,1,3,3
60.0,7130.0,38787.2,5.44,0.09,1765.18,1228.0,2,1,2,1,0,0,1,2
60.0,4374.0,37266.48,8.52,0.14,1432.0,230.0,1,1,1,1,1,0,1,2
30.0,24672.0,113984.64,4.62,0.15,12463.74,2631.0,1,3,3,1,1,1,1,2
30.0,170.0,3825.0,22.5,0.75,1051.5,22.0,1,2,12,1,1,1,1,2
60.0,2085.0,8340.0,4.0,0.07,30936.1,122.0,3,1,4,1,1,0,2,2
120.0,8517.0,252784.56,29.68,0.25,15761.76,2078.0,2,1,12,1,1,0,1,2
120.0,8599.0,187286.22,21.78,0.18,4529.67,2293.0,2,2,7,1,1,0,1,2
30.0,15331.0,68222.95,4.45,0.15,18390.42,4729.0,1,5,5,1,1,0,1,2
30.0,63421.0,272710.3,4.3,0.14,13241.08,5101.0,1,2,11,1,1,1,1,2
100.0,2870.0,229600.0,80.0,0.8,25037.09,1368.0,1,6,2,5,1,1,3,3
100.0,2500.0,200000.0,80.0,0.8,8399.6,1010.0,1,6,12,5,1,1,3,3
60.0,27452.0,412878.08,15.04,0.25,11292.05,3898.0,2,2,2,1,1,0,1,2
60.0,22790.0,165683.3,7.27,0.12,29780.5,22259.0,3,3,4,1,1,0,1,2
30.0,146670.0,975355.5,6.65,0.22,15213.22,13690.0,4,1,8,1,1,1,1,2
30.0,100000.0,638000.0,6.38,0.21,29780.5,8850.0,3,2,4,1,1,0,1,2
30.0,7245.0,23546.25,3.25,0.11,1226.11,622.0,1,10,11,1,1,1,1,2
60.0,8905.0,318799.0,35.8,0.6,13094.69,3139.0,1,1,2,1,1,0,1,2
90.0,1093.0,16679.18,15.26,0.17,1759.21,133.0,1,1,2,4,1,0,2,2
120.0,1634.0,33039.48,20.22,0.17,1303.0,395.0,1,8,3,1,0,0,1,1
20.0,7500.0,202500.0,27.0,1.35,15893.71,2278.0,1,12,4,5,1,1,3,1
60.0,13570.0,24968.8,1.84,0.03,1646.5,568.0,1,10,11,1,1,1,1,2
20.0,5673.0,181536.0,32.0,1.6,10780.63,1674.0,1,7,6,5,1,1,3,4
120.0,200.0,4008.0,20.04,0.17,1621.53,53.0,1,2,3,1,1,0,1,2
1.0,1044.0,24012.0,23.0,10.1678401865825,6267.38,754.0,1,10,15,5,1,1,3,1
60.0,5273.0,31321.62,5.94,0.1,4835.39,668.0,1,8,5,1,1,1,2,2
30.0,27314.0,716992.5,26.25,0.88,7329.83,2363.0,3,10,4,1,1,0,1,1
30.0,151023.0416074603,1132940.7905894185,12.49,0.42,20312.64,21675.0,4,2,5,1,1,1,1,2
60.0,23090.0,52183.4,2.26,0.04,11133.66,394.0,2,5,7,1,1,0,1,2
100.0,20.0,7000.0,231.81862644109202,3.5,684.42,48.0,1,10,3,5,1,1,3,1
90.0,71.0,660.3,9.3,0.1,1303.0,395.0,1,5,3,1,1,0,2,2
60.0,100000.0,1029000.0,10.29,0.17,23994.1,13055.0,1,2,1,1,1,0,1,2
60.0,948.0,1469.4,1.55,0.03,4984.4,127.0,1,1,4,4,1,0,1,2
60.0,151023.0416074603,1132940.7905894185,11.22,0.19,12601.06,20339.0,3,1,4,1,1,0,1,2
60.0,6580.0,15331.4,2.33,0.04,4658.75,579.0,1,3,2,1,1,0,1,2
100.0,1436.0,103377.64,71.99,0.72,6687.51,327.0,1,9,3,5,1,1,3,3
60.0,15000.0,168300.0,11.22,0.19,6147.18,1972.0,3,1,4,1,1,0,1,2
30.0,591.0,10047.0,17.0,0.57,504.0,37.0,1,10,15,1,1,0,1,1
30.0,5000.0,60050.0,12.01,0.4,1188.97,379.0,1,2,5,1,1,0,1,2
30.0,4500.0,29025.0,6.45,0.22,4890.38,320.0,1,4,11,1,1,1,1,2
60.0,1873.0,83348.5,44.5,0.74,25563.0,9248.0,1,10,1,1,0,0,1,1
90.0,993.0,8579.52,8.64,0.1,1675.0,126.0,1,1,9,4,1,0,2,2
60.0,2548.0,33022.08,12.96,0.22,11188.53,3090.0,2,1,2,1,1,0,1,2
60.0,2550.0,5074.5,1.99,0.03,5215.49,199.0,4,10,10,1,1,1,2,2
270.0,168.0,13540.8,80.6,0.3,1139.5,85.0,1,10,6,4,1,0,1,1
60.0,22783.0,55134.86,2.42,0.04,6265.36,1285.0,2,3,12,1,1,0,1,2
30.0,2597.0,61470.99,23.67,0.79,645.1,117.0,1,10,5,4,1,1,1,1
60.0,408.0,775.2,1.9,0.03,304.63,26.0,1,4,10,1,1,1,2,2
30.0,56.0,112.0,2.0,0.07,1021.34,8.0,1,10,12,4,0,1,2,2
120.0,1324.0,108832.8,82.2,0.68,2171.57,334.0,1,8,3,1,1,1,1,1
60.0,151.0,2399.39,15.89,0.26,7488.39,749.0,1,2,11,1,1,1,1,2
60.0,1600.0,4640.0,2.9,0.05,1601.5,157.0,2,1,12,1,1,0,1,2
30.0,1110.0,8680.2,7.82,0.26,916.22,76.0,1,4,8,1,1,1,1,2
60.0,182.0,1729.0,9.5,0.16,86.4,40.0,1,10,9,1,1,1,2,1
60.0,2197.0,15422.94,7.02,0.12,5636.3,1072.0,1,3,3,1,0,0,1,2
100.0,2807.0,202104.0,72.0,0.72,20067.34,1360.0,1,9,2,5,1,1,3,3
270.0,200.0,32688.0,163.44,0.61,13981.96,54.0,1,10,11,1,1,1,1,1
60.0,151023.0416074603,1132940.7905894185,7.72,0.13,51645.79,23220.0,3,5,4,1,0,0,1,2
60.0,100000.0,218000.0,2.18,0.04,34182.97,6304.0,1,3,2,1,1,1,1,2
30.0,5009.0,69925.64,13.96,0.47,6637.16,467.0,1,2,12,1,1,0,1,2
300.0,480.0,14793.6,30.82,0.1,4281.43,492.0,1,11,3,3,1,1,2,1
60.0,100.0,1574.0,15.74,0.26,3896.68,10.0,1,2,11,1,1,1,1,2
60.0,42750.0,485212.5,11.35,0.19,7100.04,4814.0,1,1,1,1,1,0,1,2
60.0,1731.0,3912.06,2.26,0.04,936.81,76.0,2,2,12,1,1,0,2,2
300.0,255.0,7859.1,30.82,0.1,2455.7,253.0,1,11,9,3,1,1,2,1
30.0,17037.0,56733.21,3.33,0.11,9758.5,1750.0,1,5,6,1,1,0,1,2
318.3236241491045,18.0,3717.18,206.51,0.61,3785.84,55.0,1,11,11,4,1,1,1,1
30.0,17550.0,83362.5,4.75,0.16,4600.45,1325.0,1,2,12,1,1,0,1,2
180.0,840.0,42000.0,50.0,0.28,10879.28,7341.0,1,10,6,4,0,0,1,1
20.0,750.0,24000.0,32.0,1.6,1899.22,242.0,1,7,12,5,1,1,3,4
100.0,2604.0,12603.36,4.84,0.05,1702.91,675.0,1,1,1,4,1,0,2,2
60.0,1980.0,3940.2,1.99,0.03,161712.87,16035.0,1,3,10,1,0,0,1,2
240.0,2917.0,5600.64,1.92,0.01,5233.52,1348.0,1,1,1,3,1,0,2,2
120.0,240.0,9864.0,41.1,0.34,1422.32,52.0,1,8,10,1,1,0,1,1
60.0,11352.0,33034.32,2.91,0.05,4152.56,572.0,1,1,5,1,1,0,1,2
60.0,40411.0,303082.5,7.5,0.12,17587.0,7185.0,1,4,1,1,1,0,1,2
30.0,42192.0,194927.04,4.62,0.15,25682.65,4584.0,3,3,7,1,1,1,1,2
60.0,74896.0,163273.28,2.18,0.04,41735.0,7183.0,1,1,12,1,1,0,1,2
60.0,125000.0,900000.0,7.2,0.12,3671.92,9228.0,1,5,6,1,1,0,1,2
240.0,2216.0,4121.76,1.86,0.01,4609.68,1412.0,2,1,9,3,1,0,2,2
100.0,507.0,36504.0,72.0,0.72,4400.85,67.0,1,9,3,5,1,1,3,3
240.0,27910.0,59169.2,2.12,0.01,3961.7,10346.0,4,1,8,3,1,1,2,2
30.0,800.0,3024.0,3.78,0.13,166.96,64.0,2,3,6,1,1,0,1,2
